sample_id,thread_id,text,image_path,aspect,aspect_id,severity,severity_id,has_image
769,770,"Tweet 1. @135028 We're here to help. Which iOS version are you currently running? Tap Settings > General > About to find the version number. Tweet 2. @AppleSupport 11.1.2(I5B202) is that right? Tweet 3. @135028 Thanks. Let's look into that further. Send us a DM and we'll go from there. https://t.co/GDrqU22YpT Tweet 4. @AppleSupport ok, I’ve been using my iPhone for 2 hours it’s gone from 100 to 47% background apps off etc .... why?!! Every day I charge it 3 times at least! #iphone6splus",images\sample_0769_thread_770.jpg,Hardware,1,Blame,3,True
129,130,"Tweet 1. @118097 We'd like to help. What's going on? Tweet 2. @AppleSupport The whole phone will just crash or freeze for over a minute. It be spazzing out too like it has a ghost in it or something. Tweet 3. @118097 Thanks. We'll help get to the bottom of this together. What version of iOS are you currently running? Tweet 4. @AppleSupport 11.0.3 Tweet 5. @118097 We'd like to suggest updating to iOS 11.1, which came out today, and see if the same issues continue: https://t.co/ahjigcvFRG Tweet 6. My phone been fucking up all week @115858! https://t.co/VHrjDRAQPk",images\sample_0129_thread_130.jpg,Software,0,Disapproval,1,True
589,590,"Tweet 1. @130047 We'd like to help get connected to Wi-Fi. DM us what iOS version you're on. https://t.co/GDrqU22YpT Tweet 2. @115858, it's been like this for the past hour. Why won't it just connect to the wifi? https://t.co/0h5pzdaZaZ",images\sample_0589_thread_590.jpg,Software,0,Blame,3,True
836,837,"Tweet 1. @153194 We can help with that. Are you an Apple Music subscriber or are you referring to music purchased from the iTunes Store? Also, are you downloading over WiFi or Cellular? Do you receive any error messages? Tweet 2. @AppleSupport Music I got from the iTunes Store and I’ve tried doing over WiFi and it won’t download my whole album but it works just fine on my MacBook Tweet 3. @153194 Got it. What exactly happens when you try to download music? Are you seeing an error message at all? Tweet 4. @AppleSupport This is the only message I get when I click on the song and it only downloaded half of the songs and when I try and hit the cloud to finish https://t.co/5rlPy8IoOe Tweet 5. @AppleSupport Downloading the rest of them it doesn’t do anything. Tweet 6. @153194 We'd like to investigate further with you. Send us a DM and we can troubleshoot more from there. https://t.co/GDrqU22YpT Tweet 7. My music isn’t downloading again😡😡 @115858 @AppleSupport",images\sample_0836_thread_837.jpg,Software,0,Accusation,2,True
786,787,Tweet 1. @135046 Let's see how we can provide you the best guidance on this. Which iPhone and iOS version are you using? Have you tried restarting your iPhone after deleting the photos? Does the same issue happen after restarting? Tweet 2. @AppleSupport my iPhone won't let me delete any of my photos. I click delete and then they come back within seconds?!,images\sample_0786_thread_787.jpg,Software,0,Blame,3,True
467,468,"Tweet 1. @128898 Which version of iOS do you have installed on your device? Look at Settings > General > About. We'd be happy to help. Tweet 2. @AppleSupport iOS 11.1 Tweet 3. @128898 Perfect. OK, meet up with us in DM at the link below. Send a message with your country so we can look into best support options. https://t.co/GDrqU22YpT Tweet 4. @AppleSupport what’s up with the question mark? https://t.co/7NCCWo9Z89",images\sample_0467_thread_468.jpg,Software,0,Blame,3,True
139,140,Tweet 1. @118242 We want to help. Which version of iOS 11 do you have installed on your device? Let us know in DM. https://t.co/GDrqU22YpT Tweet 2. @115858 I just wanted to let you know that the new update is crap and it wastes my battery more than ever before.,images\sample_0139_thread_140.jpg,Software,0,Disapproval,1,True
622,623,"Tweet 1. @130489 We'd love to help! Are you having trouble downloading apps, or launching apps? Are you connected to Wi-Fi? Tweet 2. @115858 apps have been timing out for the last week and a half and it’s getting annoying",images\sample_0622_thread_623.jpg,Software,0,Blame,3,True
83,84,Tweet 1. @117460 Here’s what you can do to work around the issue until it’s fixed in a future software update: https://t.co/xXaXeeSRt9 https://t.co/GDrqU22YpT Tweet 2. @AppleSupport Thank you Tweet 3. @117460 You're very welcome! Please feel free to reach out to us again if you need any more help. Have a great day! Tweet 4. @AppleSupport https://t.co/Pk9RhMiLjh Tweet 5. @AppleSupport No imessage as well I️ Tweet 6. @117460 We'd like to look into the trouble you're having. Does this only occur in the Facebook app? Tweet 7. @115858 @AppleSupport iOS 11.1 should never been released. So many bugs. The statusbar randomly disappears in Facebook app Tweet 8. I️ can’t believe that @115858 & @AppleSupport has not fixed the vowel text issue. It’s very annoying and takes extra time to write something👎,images\sample_0083_thread_84.jpg,Software,0,Disapproval,1,True
838,839,"Tweet 1. @153196 We'd be happy to look into any issues you might be experiencing. DM us using the link below and we'll go from there. https://t.co/GDrqU22YpT Tweet 2. I could be getting killed somewhere & no one would know bc I wouldn’t be able to call for help on time, thanks to IOS 11 @AppleSupport @115858 🖕🏽",images\sample_0838_thread_839.jpg,Software,0,Accusation,2,True
700,701,"Tweet 1. @134143 We can take a look into some of those things with you. To start, can you DM us more details about your iPhone? We can continue working with you there. https://t.co/GDrqU22YpT Tweet 2. Frustrated. My MacBook Pro has security hole; My iPhone’s battery sucks since iOS 11 and my AppleTV keeps losing wifi signal. @116333",images\sample_0700_thread_701.jpg,Software,0,Blame,3,True
2,3,"Tweet 1. @115856 Hey, let's work together to figure out what's going on. Meet us in DM and we'll continue from there. https://t.co/GDrqU22YpT Tweet 2. @AppleSupport Just sent you all my DM Tweet 3. Hey @AppleSupport and anyone else who upgraded to ios11.1, are y’all having issues with capital “I️” in the Mail app? As it puts in “A”?",images\sample_0002_thread_3.jpg,Software,0,No Explicit Reproach,0,True
518,519,Tweet 1. @129386 We know you must be eager to receive your order. We'd suggest contacting BestBuy directly for help with tracking this order. Tweet 2. @AppleSupport I contacted Best Buy they said they have no tracking information due to Apple not releasing it Tweet 3. @AppleSupport When do the phones ship to the retailers? Best Buy is still waiting on the phones they say Tweet 4. @AppleSupport I order my phone at 3:01 27th get a confirmation from Best Buy I’m getting my phone on 11/3 now they said that’s not true!,images\sample_0518_thread_519.jpg,Packaging,5,Accusation,2,True
627,628,Tweet 1. @130496 Send us a DM with more details and include the country you're in. We'll do our best to help. https://t.co/GDrqU22YpT Tweet 2. @AppleSupport after downloading watchOS 4.1 Apple Music app downloads and freezes at 75% for hours. Any insight?,images\sample_0627_thread_628.jpg,Software,0,Blame,3,True
56,57,"Tweet 1. @116862 We offer support via Twitter in English. Contact us for help in your preferred language here: https://t.co/IBIY3vMgPj. Tweet 2. コレは本当に困る、ゲームも出来なくなったしアップデートしなきゃ良かった´д` ; @AppleSupport @115858 → 「バッテリーの減りが激しい」という問題に関しても同様）。 https://t.co/bGQly6cE2O Tweet 3. @116863 We want your Apple Watch to keep up with you at the gym. To begin, which watchOS is installed? Tweet 4. @AppleSupport Running 4.0 . 4.1 showed up as an update this morning. Installing it as I type. All was fine re: battery prior to 4.0 fingers crossed! Tweet 5. Series1 #Applewatch would consistently get 18 hrs + per charge prior to last update. Now 12-13 hrs max.Died @ gym 2nite. Wtf @AppleSupport ?",images\sample_0056_thread_57.jpg,Hardware,1,Disapproval,1,True
175,176,"Tweet 1. @118722 Let's take a look together! To start, please DM us which device and OS version we're working with: https://t.co/GDrqU22YpT Tweet 2. @118723 @115858 Mine was still doing it after the update Tweet 3. @118722 @115858 I️ shouldn’t have updated my phone. That’s what’s going on 🗣🗣🗣🙄🙄🙄🙄 Tweet 4. MEEEEE TOO GIRL WHATS GOING ON @115858 https://t.co/WlL4elWkEg",images\sample_0175_thread_176.jpg,Software,0,Disapproval,1,True
88,89,Tweet 1. @115858 suck! Upgrade phone & I lose my Apple ID. Can’t get new id without old & can’t book Genius bar help appointment without ID!!! #stupid,images\sample_0088_thread_89.jpg,Software,0,No Explicit Reproach,0,True
784,785,"Tweet 1. @135044 We can help out with battery life! What iOS version is the device on, and which device are you currently using? Tweet 2. @AppleSupport 11.1.2 and 6s. Thanks. Tweet 3. @135044 We'd like to look into this further. Could you Direct Message us and let us know what country you're located in? https://t.co/GDrqU22YpT Tweet 4. @AppleSupport Left home 20 minutes ago with full battery. Now on 28%. What a pile of 💩 your latest IOS is. And in the rind I’ve typed this tweet I’ve lost another 3 %.",images\sample_0784_thread_785.jpg,Hardware,1,Accusation,2,True
354,355,Tweet 1. @123182 We'd like to work on this with you. Which device are you using and which iOS are you on? Check here: Settings > General > About. Tweet 2. Can y’all fix the I character please?! I️m tired of seeing this I️ @AppleSupport,images\sample_0354_thread_355.jpg,Software,0,Disapproval,1,True
742,743,Tweet 1. @134528 We want to take a look with you. Could you Direct Message us and let us know what iOS version you're on? https://t.co/GDrqU22YpT Tweet 2. Is anyone else having a weird glitch on their iPhone ? When I type the word “I.T “ I.T auto corrects to I . T @AppleSupport,images\sample_0742_thread_743.jpg,Software,0,Blame,3,True
454,455,Tweet 1. @128692 Please send us a DM with more specifics of your issue. We'd be happy to assist you. https://t.co/GDrqU22YpT Tweet 2. Why is my phone glitching? Like the typing looks weird? @115858,images\sample_0454_thread_455.jpg,Quality,2,Disapproval,1,True
722,723,Tweet 1. @134507 This is not the normal. Let's look into this with you in DM here: https://t.co/GDrqU22YpT Tweet 2. The screen on my Iphone 8 just went black.. three days away from my sons 2nd B-day. GREAT. @115858 @AppleSupport,images\sample_0722_thread_723.jpg,Hardware,1,Accusation,2,True
605,606,Tweet 1. @130260 We want to help with this. Which iOS version are you using? Did this happen while using a particular app? Tweet 2. my phone is frozen and IM GETTING PISSED @APPLESUPPORT,images\sample_0605_thread_606.jpg,Software,0,Blame,3,True
908,909,"Tweet 1. @154035 We offer support via Twitter in English. Contact us for help in your preferred language here: https://t.co/IBIY3vMgPj Tweet 2. Sadece 6000₺ olmasıyla değil, tam 6 saattir güncelleme yapamamasıyla ve açılamamasıyla da rekora koşan bir premium product yani bravo @115858 @AppleSupport ömrümüzü yedin bugün. https://t.co/j6Ll68Lpsy",images\sample_0908_thread_909.jpg,Software,0,Blame,3,True
249,250,"Tweet 1. @121032 OK! Thank you for those details. So we can take a closer look, please let us know in DM if you have updates available for either app in the App Store. https://t.co/GDrqU22YpT Tweet 2. @AppleSupport The developper of Videoshop has been able to reproduce the bug and said it is a problem with iOS 11 and he can’t do anything about that problem. Sorry but... what is DM? (I’m sorry if it’s a stupid question) Tweet 3. @121032 No worries. DM refers to Direct Message. It's a space that'll provide more room for us to work. You can get there using this link: https://t.co/GDrqU22YpT Tweet 4. @AppleSupport And by the way, since iOS 11, Minecraft doesn’t work if I’m on the wi-fi so I cannot play with my son anymore. I see the logo and a white screen forever. If I desactivate the wi-if, the game open normally. Tweet 5. @121032 Is this iMovie for iOS or for the Mac? Tweet 6. @AppleSupport All website. I can record with audio. The recording are playing well in Photos and the sound is ok. But when I import them in iMovie, the sound doesn’t follow. Only if I was in Safari when I made the screen recording Tweet 7. @121032 We're happy to help out. Can you tell us more about these issues? Thanks! Tweet 8. @AppleSupport 11.1.2 and the bug with the sound when you record screen on website or try to edit in iMovie still there!",images\sample_0249_thread_250.jpg,Software,0,Blame,3,True
330,331,Tweet 1. @123058 We'd like to look into this with you. Please DM us your country and current iOS version. https://t.co/GDrqU22YpT Tweet 2. Okay @115858 fix this shit! I’m tired of seeing these boxes when I’m typing an I.,images\sample_0330_thread_331.jpg,Software,0,Disapproval,1,True
220,221,"Tweet 1. @119413 Hello, thanks for reaching out. Which iOS version are you currently using? If not on the current iOS 11.1.2, please back up and update following these steps: https://t.co/80YRnjDFDk DM us if you're still having autocorrect issues after updating. https://t.co/GDrqU22YpT Tweet 2. @115858 I️ have I️ can I️ will THE FUCK BRO",images\sample_0220_thread_221.jpg,Software,0,Disapproval,1,True
465,466,"Tweet 1. @128896 Is iTunes currently updating in the App Store? Let us know in DM and we'll look into this. https://t.co/GDrqU22YpT Tweet 2. @AppleSupport Why do you only reply to new issues, immediately move them to DM, then ignore them? Tweet 3. ""iTunes can not be opened while it is being updated""… How long will this take? Why is this happening right now? @115858 #Fail https://t.co/sxdaitBF1q",images\sample_0465_thread_466.jpg,Software,0,Disapproval,1,True
173,174,Tweet 1. @118717 We can look into this issue together. Send us a DM and let's begin. https://t.co/GDrqU22YpT Tweet 2. @AppleSupport what is happening with my phone??? I️ wrote “I️ got” and that happened https://t.co/V9oKSSZKGQ,images\sample_0173_thread_174.jpg,Software,0,No Explicit Reproach,0,True
696,697,Tweet 1. @134139 Thank you for reaching out. We know how important your battery life is. Reach out to us in DM and let us know how long your battery normally lasts in a day and we’ll help. https://t.co/GDrqU22YpT Tweet 2. @AppleSupport IOS 11.1.2 is killing my battery life. Sucks,images\sample_0696_thread_697.jpg,Hardware,1,Blame,3,True
375,376,Tweet 1. @123374 Thanks for getting in touch. We'd like to assist. DM us and we'll go from there. https://t.co/GDrqU22YpT Tweet 2. @AppleSupport Why am I loosing songs I’ve downloaded on Apple Music. It won’t let me download them again either. Greyed our on playlists too,images\sample_0375_thread_376.jpg,Software,0,Disapproval,1,True
728,729,"Tweet 1. @134513 We're happy to look into this. DM us and tell us which version of iOS you're currently running. https://t.co/GDrqU22YpT Tweet 2. @AppleSupport My phone goes frozen if i got a very long message, when i wanna preview a message with 3D Touch. I try to turn off my phone but it doesnt work. I have to wait until my battery was empty Tweet 3. @134513 You can submit feedback here: https://t.co/eTPVYVFyd8 We'd be happy to look into any issues you're having to try and resolve them. Tell us more about what you're experiencing. Tweet 4. Where i can send a bug report for iOS? (No beta) @AppleSupport",images\sample_0728_thread_729.jpg,Software,0,No Explicit Reproach,0,True
795,796,"Tweet 1. @152252 Thank you for reaching out to us. It looks like you are trying to load the App Store in iTunes, but it's not loading. Is that what you need help with? Please send us a DM. https://t.co/GDrqU22YpT Tweet 2. You have problems with iTunes for Windows development @115858 ? My grandchildren gonna watch this shit loading for ages. I can fix it for u tho :D https://t.co/UBLD9gMzyX",images\sample_0795_thread_796.jpg,Software,0,Disapproval,1,True
344,345,Tweet 1. @123062 Thanks for reaching out. DM which iPhone and specific iOS version you are using to get started. https://t.co/GDrqU22YpT Tweet 2. Anyone else having #IOSissues ? Everytime i type “i” it auto corrects to something else. 😡 @115858,images\sample_0344_thread_345.jpg,Software,0,Disapproval,1,True
104,105,"Tweet 1. @117646 We offer support via Twitter in English. Get help in Spanish here: https://t.co/IBIY3vMgPj or join https://t.co/OczyRx7IOs Tweet 2. @AppleSupport Thank you so much im just happy about the release of the new update and the 3D touch multitask is back again! Tweet 3. Bienvenida sea la multi tarea al 3D touch en iphone, gracias @AppleSupport #newupdate Tweet 4. @117647 We'd like to help. Send us a DM and we can start there. https://t.co/GDrqU22YpT Tweet 5. @AppleSupport the new update is making my phone so funky. Check out the emoji and the letter I️. Is there a fix? https://t.co/9EpjZmt5ZC",images\sample_0104_thread_105.jpg,Software,0,No Explicit Reproach,0,True
115,116,Tweet 1. @117808 We'd like to help any way we can. Are other apps able to be downloaded on your device? Which model is it and which OS version? Tweet 2. @AppleSupport updating xcode via appstore. 7-min remaining 6-hr ago. 1-min rem for over an hour. Why? My net bandwidth is good.,images\sample_0115_thread_116.jpg,Quality,2,No Explicit Reproach,0,True
638,639,"Tweet 1. @130507 We can help. What is the current iOS version you have installed? Let us know more in DM, please. https://t.co/GDrqU22YpT Tweet 2. I️ just updated my phone again and still can’t text I️ @AppleSupport",images\sample_0638_thread_639.jpg,Software,0,Blame,3,True
20,21,"Tweet 1. @116102 Which model do you have and is iOS 11.1 installed on it? Any steps tried so far? Tweet 2. @AppleSupport iPhone 6, yes ios11. Checked for updates, none available. I’ve swiped up to close the app several times and I’ve restarted it 2x Tweet 3. @116102 To make sure, is iOS 11.1 showing here: Settings > General > About > Version? Please DM us the answer here: https://t.co/GDrqU22YpT Tweet 4. @AppleSupport @116102 Battery life just got worst. Tweet 5. @116103 We'll make sure to get this straightened out. DM us, and we'll see you there. https://t.co/GDrqU22YpT Tweet 6. @AppleSupport Sent twice. Don’t know if the first one went through but no reply either way. Tweet 7. @AppleSupport I just get a white screen and nothing loads. After a short time, it just closes/crashes. Thanks for the reply. Tweet 8. @116102 We want you to be able to make calls on the iPhone. What exactly is going on with the Phone app? Tweet 9. @115858 my PHONE app doesn’t work. Thank you for updating my #iPhone to an #ipod",images\sample_0020_thread_21.jpg,Software,0,Blame,3,True
180,181,Tweet 1. @118835 We'd like to help. Let's take this to DM and we'll explore ways to provide you assistance. https://t.co/GDrqU22YpT Tweet 2. @AppleSupport I got a crazy security bug issue with iOS 11.1,images\sample_0180_thread_181.jpg,Software,0,No Explicit Reproach,0,True
297,298,"Tweet 1. @122937 We'll be happy to help out. To clarify, did October record calorie burning accurately or is this a new issue for November? Tweet 2. @AppleSupport October challenge was fine. November challenge went weird after update Tweet 3. @122937 Which iPhone model do you have and what's the exact iOS version installed? Any steps tried so far? https://t.co/GDrqU22YpT Tweet 4. #AppleWatch #os4.1 has a glitch. November Challenge show I’ve burnt a lot of calories in just 14.5 hrs @AppleSupport https://t.co/q30Qxagb7e",images\sample_0297_thread_298.jpg,Software,0,No Explicit Reproach,0,True
60,61,Tweet 1. @117098 Does this issue happen with all applications or only some? Let us know in DM. https://t.co/GDrqU22YpT Tweet 2. @AppleSupport ok cool Tweet 3. @117098 We'd be happy to look into this with you more in detail. Please reach out to us via DM and we'll get started. https://t.co/GDrqU22YpT Tweet 4. I️ <— wtf is going on @AppleSupport,images\sample_0060_thread_61.jpg,Software,0,Disapproval,1,True
268,269,Tweet 1. @121841 Here’s what you can do to work around the issue until it’s fixed in a future software update: https://t.co/xXaXeeSRt9 Tweet 2. @AppleSupport tell me why the i keeps doing this stupid shit A with the boxed question mark make it stop,images\sample_0268_thread_269.jpg,Software,0,Disapproval,1,True
792,793,Tweet 1. @152249 We're happy to help. Try the steps here first: https://t.co/Ui1yTnOCUz This will walk you through performing the over-the-air update on your iPhone X. DM us if you are unsuccessful: https://t.co/GDrqU22YpT Tweet 2. Well this is annoying @115858 @AppleSupport - 3 hours 3 tries and no way to get past it...help anyone? #iphonex https://t.co/iNGYYGCm2s,images\sample_0792_thread_793.jpg,Software,0,Accusation,2,True
753,754,"Tweet 1. @134540 We'd like to look into this with you to see how we can help. Let us know in DM what country you're located in, and we'll get started: https://t.co/GDrqU22YpT Tweet 2. @AppleSupport @116333 Mac air is having problem of liquid spill in motherboard due to which it stops charging Is apple selling defective Macs",images\sample_0753_thread_754.jpg,Hardware,1,Accusation,2,True
388,389,Tweet 1. @123392 Send us a DM and let us know what version of iOS you're running. We'll go from there. https://t.co/GDrqU22YpT Tweet 2. @AppleSupport is there some@serious problem in latest iOS upgrade. Many applications are getting disconnected if phine is locked #whtsapp,images\sample_0388_thread_389.jpg,Software,0,No Explicit Reproach,0,True
578,579,Tweet 1. @130037 We want to help you out. Let's start by following the steps in this link: https://t.co/1SrHVMz478 Let us know if you still encounter issues after that. Tweet 2. @AppleSupport No it didn’t help... still not opening Tweet 3. @130037 Send us a DM and we'll continue to help you look into what's going on. https://t.co/GDrqU22YpT Tweet 4. @AppleSupport my ipad pro is stuck on loading.... not opening app store ... how to fix? https://t.co/bPeadvDaIo,images\sample_0578_thread_579.jpg,Software,0,Blame,3,True
764,765,Tweet 1. @134551 Thanks for reaching out. We want to do all we can to help. Send us a DM and let us know which country you're in. We'll look into your options with you. https://t.co/GDrqU22YpT Tweet 2. @AppleSupport is this still safe to use? #poorcollegestudentprobs https://t.co/iQjYT4afVA,images\sample_0764_thread_765.jpg,Software,0,Blame,3,True
571,572,Tweet 1. @129982 We'd like to help with your reception. DM us here to continue: https://t.co/GDrqU22YpT Tweet 2. @AppleSupport Done Tweet 3. @116333 I paid $849.00 for an iPhone 6s Plus and I can't even get phone reception. I hate your company. Rip offs. Tweet 4. Gotta wait til Friday! Meet me at the Apple Store at 8 a.m. — we’ll let you open the doors! #iPhone https://t.co/r9hFywLn3z,images\sample_0571_thread_572.jpg,Software,0,Blame,3,True
215,216,"Tweet 1. @119364 We'd be happy to look into this with you. Please DM us. https://t.co/GDrqU22YpT Tweet 2. Dear @115858 I’m returning my iPhone 8+ bc its a POS. Screen wont auto lock, battery drains, horrible cell signal. Its crap. Happy 🎃",images\sample_0215_thread_216.jpg,Quality,2,Blame,3,True
558,559,Tweet 1. @129793 We want to help. Join us in DM. Let us know your iOS version. https://t.co/GDrqU22YpT Tweet 2. @AppleSupport what’s wrong with the letter “I️” on fb twitter and group me. Eye have to type eye. Help us @129794,images\sample_0558_thread_559.jpg,Software,0,Blame,3,True
252,253,Tweet 1. @121035 We are happy to help. Please DM us and we will continue from there. https://t.co/GDrqU22YpT Tweet 2. @AppleSupport you guys are terrible back in October you said you’d send me something so I could send in my AirPods for repair since they didn’t work when I bought them. You never sent them to me at fort sill. Thanks!,images\sample_0252_thread_253.jpg,Service,3,Accusation,2,True
572,573,Tweet 1. @129983 We're happy to look into this with you. DM us the device you're experiencing this on to get started. https://t.co/GDrqU22YpT Tweet 2. @AppleSupport i lost all music on apple music and I can’t get it back.,images\sample_0572_thread_573.jpg,Software,0,Disapproval,1,True
346,347,"Tweet 1. @123171 Thanks for reaching out. We are always happy to help. Are you running iOS 11.1? If not, learn how here: https://t.co/80YRnjDFDk Tweet 2. @AppleSupport Thanks! I have iOS 11.1 but i dont see the new emojis 😫 Tweet 3. @123171 Thanks for following up. Send us a DM so we can look into this with you there. https://t.co/GDrqU22YpT Tweet 4. @AppleSupport I have the iPhone 7 Plus but i can’t do that 😢 Tweet 5. @123172 What kind of issues are you having? We can help out. Tweet 6. Now I️ see I’m not the only one whose phone is acting up cuz @115858 dropped a new phone. They get on my nerves with that dumb shit.",images\sample_0346_thread_347.jpg,Software,0,Blame,3,True
609,610,Tweet 1. @130264 Let's look into this for you. Send us a DM with your current iOS version to get started. https://t.co/GDrqU22YpT Tweet 2. My phone won’t stop turning off and freezing @AppleSupport !!!!,images\sample_0609_thread_610.jpg,Software,0,Blame,3,True
760,761,"Tweet 1. @134547 We're here to help! DM us more information about what's going on with your computer, including the model, and we'll get started. https://t.co/GDrqU22YpT Tweet 2. @115858 this high Sierra update fucked up my computer thanks",images\sample_0760_thread_761.jpg,Software,0,Accusation,2,True
539,540,Tweet 1. @129595 We want to help. What type of Mac computer do you have? Have you tried re-starting? Tweet 2. @AppleSupport my mac is stuck on mute.. please help me,images\sample_0539_thread_540.jpg,Hardware,1,Disapproval,1,True
716,717,Tweet 1. @134159 We are here to help. DM us the details of your issue and we can take a look at this for you. https://t.co/GDrqU22YpT Tweet 2. Ughhhhh why isn’t my @115858 music working?!,images\sample_0716_thread_717.jpg,Software,0,Disapproval,1,True
138,139,"Tweet 1. @118241 We're here to help. After backing up your device, let's try updating your device through iTunes: https://t.co/80YRnjDFDk Tweet 2. @AppleSupport I've been trying to update to the newest iOS for some time. It never fully processes. Verification doesn't go through. Help.",images\sample_0138_thread_139.jpg,Software,0,Disapproval,1,True
814,815,Tweet 1. @152729 This is expected behavior. https://t.co/rulSouWsdQ Tweet 2. @AppleSupport Works fine with non-docked folders. Tweet 3. @AppleSupport uhhhh iOS 11 won’t let me just drop apps into a folder. Have to hold and wait for the folder to open then it places it,images\sample_0814_thread_815.jpg,Software,0,Disapproval,1,True
484,485,Tweet 1. @129037 We can definitely look into this with you. Send us a DM and we'll take it from there. https://t.co/GDrqU22YpT Tweet 2. @115858 My Cinema Display doesn't work with My macbook touchbar using the correct adaptor. I tried in my office and it works. Any ideas?,images\sample_0484_thread_485.jpg,Hardware,1,No Explicit Reproach,0,True
719,720,"Tweet 1. @134162 We'd be happy to look into this with you more in detail. Please reach out to us via DM and we'll get started. https://t.co/GDrqU22YpT Tweet 2. i.t really sucks that every time i go to type the word i.t, i.t autocorrects so there’s a stupid ass period in the middle of i.t. @115858 what is going on",images\sample_0719_thread_720.jpg,Software,0,Blame,3,True
689,690,Tweet 1. @134132 We want to help. Take a look at this article: https://t.co/NOFjqtl0yV Let us know if you have more questions. Tweet 2. This shit don't work on my phone @115858 what tha fuck man? Tryna get a nigga got outchea? https://t.co/cLrtVFTnAY,images\sample_0689_thread_690.jpg,Software,0,Blame,3,True
266,267,Tweet 1. @121839 Here’s what you can do to work around the issue until it’s fixed in a future software update: https://t.co/xXaXeeSRt9 Tweet 2. @115858 please update your software I️ am tired of seeing I️ everytime I️ try to type,images\sample_0266_thread_267.jpg,Software,0,Disapproval,1,True
582,583,"Tweet 1. @130040 This isn’t expected behavior, we’ll work through this together. DM us and let us know what model iPhone you're using. https://t.co/GDrqU22YpT Tweet 2. My phone exploded all over my hand @AppleSupport",images\sample_0582_thread_583.jpg,Hardware,1,Blame,3,True
102,103,Tweet 1. @117643 We'd be happy to help. Send us a DM with a few details. https://t.co/GDrqU22YpT Tweet 2. Can I undo this iOS update? This is horrendous and dealing with phone frustration during 75% of my 150 mobile uses each day is not acceptable @115858,images\sample_0102_thread_103.jpg,Software,0,Disapproval,1,True
574,575,Tweet 1. @129985 We can help. Tell us which device and software version you're using. We'll take it from there. Tweet 2. @AppleSupport 11.0.2 Tweet 3. @129985 We’re here to help. Let us know via DM if this happens after going to Settings > Keyboards > Predictive and turn it off. https://t.co/GDrqU22YpT Tweet 4. @AppleSupport 8 and 11.0.1 Tweet 5. @115858 why do these question marks keep coming up?I️ thought that was some Android shit 🤔,images\sample_0574_thread_575.jpg,Software,0,Blame,3,True
182,183,"Tweet 1. @118837 Since our Twitter support is available in English, get help at https://t.co/IBIY3vMgPj or join https://t.co/pvaOFfPbjt Tweet 2. Tudo bom ??? Todos estão com o mesmo problema e é sempre com o iPhone 7 o que está acontecendo??? @115858 @AppleSupport https://t.co/pn1UYIjdMo Tweet 3. @118926 We certainly want to help! Is this while connected to iTunes? Send us a DM to let us know. https://t.co/GDrqU22YpT Tweet 4. This what happens to my iPhone after I downloaded IOS 11.1 @115858 @AppleSupport https://t.co/kiufuUwNLr",images\sample_0182_thread_183.jpg,Software,0,No Explicit Reproach,0,True
112,113,Tweet 1. @117655 Interesting. Let's look into this. Which iOS version is showing in Settings > General > About? Tweet 2. @AppleSupport why are my I ‘s changing into I️ ?!!!!!,images\sample_0112_thread_113.jpg,Software,0,No Explicit Reproach,0,True
360,361,"Tweet 1. @123188 We can help! What happens after it says verifying. Is that when it restarts or are you restarting it manually? Tweet 2. @AppleSupport After it says verifying it restarts automatically Tweet 3. @123188 Understood! Let's try all the steps listed here: https://t.co/Ui1yTnOCUz Let us know the results once completed, Tweet 4. @AppleSupport hey I'm facing problem updating my Iphone to iOS 11 whenever I wanna update it, a message pop up says verifying",images\sample_0360_thread_361.jpg,Software,0,No Explicit Reproach,0,True
628,629,"Tweet 1. @130497 We've received your DMs and will continue there. Tweet 2. @AppleSupport Download apparently complete but now won’t pair with phone. Watch now unusable. Sons watch has done exactly the same on the same update Tweet 3. @130497 Let's move to DM for a closer look. Does the update eventually fail with an error message? If so, what is the exact error? https://t.co/GDrqU22YpT Tweet 4. @AppleSupport Tried 3x over last few days. Decided to try again about 6pm tonight. The update has also unpaired phone & watch. Not very helpful update! Tweet 5. @130497 The update can depend on your Wi-Fi network speed. How long has the update been in progress? Tweet 6. @AppleSupport Very frustrating Apple watch software update, anyone else having this issue? https://t.co/pMAHLfAGnD",images\sample_0628_thread_629.jpg,Software,0,Blame,3,True
310,311,"Tweet 1. @123037 We want to get you in the right place for help. Use this link to connect to our Pages experts: https://t.co/IBIY3vMgPj Tweet 2. Why oh why make @45572 on iOS harder to use. Can’t change title of an open doc! WTF, BAD, BAD @115858",images\sample_0310_thread_311.jpg,Quality,2,Disapproval,1,True
191,192,Tweet 1. @119014 That should not be happening. We'd be happy to help. Which iOS version are you currently using? You can check in Settings > General > About. Tweet 2. @AppleSupport IOS 11 has been a nightmare since I downloaded it. Battery SOC is all over the board and slower than ever before,images\sample_0191_thread_192.jpg,Software,0,Disapproval,1,True
731,732,"Tweet 1. @134516 Hi. We'd like to help with this. Check out this article for issues with your display not responding to touch: https://t.co/kQXBriN504 Still need help? DM us and we can take a closer look there. https://t.co/GDrqU22YpT Tweet 2. @AppleSupport I have this problem with iPad Pro https://t.co/erYianyQlK But it does not do it all the time, so apple service does not recognize it. What can I do?",images\sample_0731_thread_732.jpg,Service,3,Disapproval,1,True
289,290,"Tweet 1. @122929 That is not the experience we want you to have. Which iPhone model do you have? Let us know in DM. https://t.co/GDrqU22YpT Tweet 2. Bro I have never seen my phone crash so much 😒, it’s pissing me off , fuck IOS 11 @115858",images\sample_0289_thread_290.jpg,Software,0,Disapproval,1,True
754,755,Tweet 1. @134541 Thanks for clarifying. Let's move into DM so we can look at our options. Use the button below to get started. https://t.co/GDrqU22YpT Tweet 2. @AppleSupport It was working fine on IOS 10 but once I upgraded to IOS 11 problem started.its iPhone 6 plus.please give me solution as I am not able to use my device touch is unresponsive Tweet 3. @AppleSupport I have updated ios 11 my touch is not responding can you guys help me out I am fed up with this nonsense,images\sample_0754_thread_755.jpg,Software,0,Blame,3,True
832,833,"Tweet 1. @152746 Let us help you get this sorted out so you can enjoy your music as expected. Which iOS version are you using on your iPhone? Tweet 2. @AppleSupport 11.1.2 on an iPhone 7 Plus. Tweet 3. @152746 Thanks for that information. Let’s focus on getting your music to download to your iPhone. When did you first notice that the songs weren’t downloading? Does this occur with all songs, or only certain ones. Tweet 4. @AppleSupport Hello there, I’m having trouble with Apple Music. Sometimes my phone says it’s downloading a song and they never download till I restart my phone and even after that they never downloaded. Also new albums on Hip/Hip never show up till a week later? What’s wrong ? :(",images\sample_0832_thread_833.jpg,Software,0,Disapproval,1,True
208,209,Tweet 1. @119217 We're here to help. DM us which iOS device you are using to get started. https://t.co/GDrqU22YpT Tweet 2. Hey @AppleSupport the new iOS is killing me! Email freezing and horrific battery life. What gives- I can’t even go back to old iOS. Grrrrrr,images\sample_0208_thread_209.jpg,Software,0,Disapproval,1,True
185,186,Tweet 1. @118930 You've come to the right place. We're eager to help. Is this happening with SMS (non-iPhone) contacts as well? Tweet 2. @AppleSupport Sent to same group of contacts (one is non iPhone user) worked with photo didn’t work with pano Tweet 3. @118930 We'd love to continue working with you. Let's move the conversation to DM. https://t.co/GDrqU22YpT Tweet 4. @AppleSupport super frustrating trying to send a pano but sending photo works just fine?? Am I doing something wrong? #iOS11 👎 https://t.co/WGgmrsf9jD,images\sample_0185_thread_186.jpg,Software,0,Disapproval,1,True
133,134,"Tweet 1. @118102 We want you to be able to rely on your calendar. What exactly is going on with it? Tweet 2. @AppleSupport And move to next month. Everything disappears. https://t.co/n9PPGBmJts Tweet 3. @AppleSupport Open Calendar and move to next month Tweet 4. @AppleSupport Open calendar... https://t.co/0WVfFpqX0k Tweet 5. @115858, your new iOS 11.1 not resolve the calendar problem. 😡#iOS11 #iosfail",images\sample_0133_thread_134.jpg,Software,0,Blame,3,True
45,46,Tweet 1. @116623 Thank you for reaching out to us. Have you tried to restart the device? Let us know to get started. Tweet 2. @AppleSupport That fixed it thanks Tweet 3. @116623 That's great! Enjoy the rest of your day. Tweet 4. @AppleSupport this is my top bar every time I open messages on my SE after updating to iOS 11.1 https://t.co/Lzge3qzc7w,images\sample_0045_thread_46.jpg,Software,0,No Explicit Reproach,0,True
671,672,"Tweet 1. @133760 We're glad to hear you got it figured out. If you run into any issues in the future, reach back out and we'll be happy to help. Tweet 2. @133761 @AppleSupport 🙏got it. Was afraid to try that, wasn’t sure if I’d be able to unmute. Much better UI! Tweet 3. @133760 @AppleSupport Nope. Still there. And now you can swipe a message to mute or Unmute. https://t.co/KRJ1gKtQcQ Tweet 4. @AppleSupport did option to mute individual iMessage threads disappear in #iOS11?",images\sample_0671_thread_672.jpg,Software,0,Blame,3,True
679,680,"Tweet 1. @134121 The first step we'd like to have you do, is complete any updates for iOS and apps. Please, back up your iPhone, then update your iOS under Settings > General > Software Update. Once completed, make sure all apps are updated in the App Store. Let us know if that helps. Tweet 2. @AppleSupport Since you asked. I open up Snapchat and then screen goes black. Then a buffering icon appears and my phone restarts. It’s not just snapchat either. I’m on 11.0.3 Tweet 3. @134121 Let's take a closer look together. When you say your iPhone 'crashes' when opening the Snapchat app, please provide us more details about what exactly happens. Also, which exact iOS version number is installed on it and have you tried any steps so far? Tweet 4. @113848 @115858 lmao i am on the 6 and my phone crashes from opening snapchat Tweet 5. @134122 Thanks for reaching out. We want to be sure you can search for your favorite music. We can definitely look into this with you. Do you have the same results after you restart your iPhone? Tweet 6. @AppleSupport Yes restarted twice. Even powered off totally. Still not working. My photo app also got all messed up somehow. I had my phone plugged into MacBook Pro, but was only using to charge. Tweet 7. @134122 OK, let's go ahead and delete the Music app, restart then reinstall the Music app from your App Store. What's happening with your Photos? Send us a DM and let us know. https://t.co/GDrqU2kzhr Tweet 8. Hey @AppleSupport why can’t I search on my music app for music without the whole app crashing??!! https://t.co/CweVYCRX3u",images\sample_0679_thread_680.jpg,Software,0,Blame,3,True
200,201,Tweet 1. @119050 We want to help with your Apple TV. Click here to reach our team that can assist with your Apple TV: https://t.co/IBIY3vMgPj Tweet 2. @AppleSupport just purchased iTunes movie on ATV in HD. Stops to buffer and stream every 5 minutes. Very unpleasant experience. Never had issues with @116688 movies. @55 showing 30+ mbps DL🤷🏻,images\sample_0200_thread_201.jpg,Quality,2,Disapproval,1,True
99,100,"Tweet 1. @117639 Let's take a look at this issue together. Which iOS version is your device currently running? Tweet 2. @AppleSupport Well, I️ was running 11.0.3, and now 11.1. Issue persists. Tweet 3. @117639 Thanks. Please DM us and we'll continue this conversation there. https://t.co/GDrqU22YpT Tweet 4. @AppleSupport @117639 I’m having the same issue!!! Just started today! Tweet 5. @117640 Lets help get this sorted. Please DM us the version of iOS you're using and we can go from there. https://t.co/GDrqU22YpT Tweet 6. Hey @AppleSupport, what’s up with this new autocorrect? Happening on iPhone 7 Plus and iPhone 7. https://t.co/pHA05gv7g7",images\sample_0099_thread_100.jpg,Software,0,Disapproval,1,True
883,884,Tweet 1. @153618 We'd like to look into this with you. Could you Direct Message us and let us know if this was an Apple case you were using? https://t.co/GDrqU22YpT Tweet 2. @AppleSupport No not apple case. Tweet 3. @AppleSupport it is just so pathetic the colour of iPhone 7 Plus starts fading within one month inspite of using cover. For what the heck do you guys charge 55k. Shame on you local Indian brands also don’t give such quality!!!,images\sample_0883_thread_884.jpg,Hardware,1,Accusation,2,True
863,864,"Tweet 1. @153597 We can help out. You can use: https://t.co/tlZYM6JMKL Or we'd want to get you in touch with our iTunes Store support here: https://t.co/SDIe7UiyJN Tweet 2. @AppleSupport Hi, I made a transaction twice by mistake, please refund. All details at the photo https://t.co/K3GxrVC3LM",images\sample_0863_thread_864.jpg,Price,4,No Explicit Reproach,0,True
544,545,Tweet 1. @129780 DM us using the link below. We'll work together from there. https://t.co/GDrqU22YpT Tweet 2. WHY CANT I️ TUPE THE LETTER I️ @115858 I️ UPDATED MY PHONE.,images\sample_0544_thread_545.jpg,Software,0,Blame,3,True
212,213,"Tweet 1. @119361 Let's see what we can do to help. Please, send us a DM. We'll move forward from there. https://t.co/GDrqU22YpT Tweet 2. 3rd pair of @115858 ear shaped earbuds to go bad in the left side. I am currently deaf in one ear after a workout #SaveMyRightEar",images\sample_0212_thread_213.jpg,Quality,2,Disapproval,1,True
345,346,Tweet 1. @123170 We can definitely look into this with you. Which device are you using? DM us and let us know. https://t.co/GDrqU22YpT Tweet 2. @AppleSupport fix your shit. See this I️ get to it girl it’s a glitch,images\sample_0345_thread_346.jpg,Software,0,Disapproval,1,True
18,19,"Tweet 1. @116100 This article should help with that: https://t.co/usOJWy6ChP Tweet 2. @AppleSupport Thanks, thing is I still have like 81 cents in credit and won't let me do that until I have zero credit Tweet 3. @116100 Try contacting our iTunes Store team here for more help: https://t.co/SDIe7UiyJN Tweet 4. @AppleSupport Awesome, thanks Tweet 5. @AppleSupport Hello, I need some help regarding the region change on my Apple ID",images\sample_0018_thread_19.jpg,Software,0,No Explicit Reproach,0,True
421,422,Tweet 1. @123527 Our Online Store team is best suited to help you with your order. You can reach them here: https://t.co/8yjRd1Xo0i Tweet 2. @AppleSupport Thanks. I’ve been exploring that option. I’ll no longer tag your handle. Please consider the matter closed from the Twitter Support angle. Tweet 3. @115858 My Q was: How was the delivery date in the cart 2 wks earlier than what’s on my receipt? #ServiceRecovery #SupplyChain #1standlastpreorder Tweet 4. @115858 Good news...fished for a path to a live person...Specialist left me a msg. She sounded nice. But errr...um...how does this address my issue? https://t.co/BjAHHeHGpL Tweet 5. Anyone else secure the 11/3 launch date on their #iPhoneX order only to receive a receipt from @115858 w/ a 3-4 week away delivery date? 😱😩😤😪,images\sample_0421_thread_422.jpg,Service,3,Blame,3,True
675,676,"Tweet 1. @134117 OK, great. Thanks for letting us know. Are you still seeing the same results? If so, send us a DM and let us know. https://t.co/GDrqU22YpT Tweet 2. @AppleSupport Let’s test! I I I I Tweet 3. @AppleSupport Nope looks normal again! Tweet 4. @134117 Great! We're happy to see that. Feel free to reach out again if you need us. We're here for you. Enjoy your day! Tweet 5. @AppleSupport I just updated to 11.1.2 Tweet 6. @134117 We're more than happy to help you fix this. Can you tell us which iOS version you are currently using please? Tweet 7. I️ I️ I️ I️ I️ I️ I️ I️ I️ I️ Dear @115858 r y’all working on a fix for this??",images\sample_0675_thread_676.jpg,Software,0,Accusation,2,True
36,37,"Tweet 1. @116345 Got it. We'd recommend backing up and updating your device to 11.1 and test things out further. Keep us posted on the results. Tweet 2. @AppleSupport 11.0.3 Tweet 3. @116345 Since we just released iOS 11.1 today, can you clarify which exact version you have installed? Tweet 4. @AppleSupport newest version of iOS and iPhone 7 Tweet 5. @116345 We'll be happy to look into this with you. To clarify, which iPhone model do you have and what's the exact iOS version? Tweet 6. My iPhone has erased and re-added emails dating back from 2013 til now twice in the past 24 hours. Wth??? @AppleSupport",images\sample_0036_thread_37.jpg,Software,0,Disapproval,1,True
101,102,"Tweet 1. @117642 Let's see how we can help over Twitter. Is iOS 11.1 the version installed and have you tried any steps? Which app is it? Tweet 2. My iPhone is so damn glitchy, not sure this upgrade to the 8 was worth it. I can’t even send pictures 😡 @AppleSupport",images\sample_0101_thread_102.jpg,Software,0,Disapproval,1,True
914,915,"Tweet 1. @154041 We'd love to help with your iPhone. When did you start noticing this behavior? What is the current software version installed on the iPhone? Let us know to continue. Tweet 2. .Why do I have to do everything twice with this piece of shit @115858 iPhone? Delete calls twice, emails twice, texts, etc. I really just want to smash it.",images\sample_0914_thread_915.jpg,Software,0,Accusation,2,True
687,688,Tweet 1. @134130 We know you want to access your purchases so you can watch them whenever you want to. Please reach out to our Apple TV support team using this link for more help: https://t.co/IBIY3vMgPj Tweet 2. @134131 @115858 @AppleSupport Mr Robot hasn’t loaded in my purchased in several days. Really getting on my nerves. Tweet 3. Anyone else having an issue with @115858 TV where all of your purchases are just gone? @AppleSupport any ideas? https://t.co/IBxUIcgy0j,images\sample_0687_thread_688.jpg,Price,4,Blame,3,True
871,872,"Tweet 1. @153606 We'd be happy to look into this with you. DM us using the link below and we'll go from there. https://t.co/GDrqU22YpT Tweet 2. Yet again, I've had to stop work because my Macbook Pro has quietly stopped charging despite being plugged in. No low power prompts or power-saving seem to kick in. Seriously @115858, we're talking about a laptop charing a battery, how can it be so aggrevating? https://t.co/OIeoz5A3zA",images\sample_0871_thread_872.jpg,Hardware,1,Accusation,2,True
873,874,Tweet 1. @153608 We are here to help. Let's take a look at this. DM us your device details. https://t.co/GDrqU22YpT Tweet 2. So my laptop just decided to update itself to High Sierra and now it is unresponsive to say the least 🙃 thanks @115858 👍🏽,images\sample_0873_thread_874.jpg,Software,0,Disapproval,1,True
545,546,"Tweet 1. @129781 We'd like to check that out with you and see what we can do to help. Send us a DM letting us know which iOS you have to start. https://t.co/GDrqU22YpT Tweet 2. @116333 I’m beyond pissed at ios. Erases SENT TXS. Just erased 3/4 of LONG tx sent 2 my wife. Perfectly communicated, really tough, difficult subject. iPhone deleted it. Not ok. First time I’ve been so angry at Apple I’ve considered leaving. Customer since 1st gen. Eff iOS.",images\sample_0545_thread_546.jpg,Software,0,Blame,3,True
798,799,"Tweet 1. @152254 We'd like to help you get back to enjoying your music. Are you on iOS 11.1.2? What iOS version were you on prior? Tweet 2. @AppleSupport Yeah I am. Not sure what I was on before it was iOS 10 of some sort. Tweet 3. @152254 Can you describe further what the music does? Tweet 4. Downloaded iOS 11 and now my iPod touch won't play any music. Brilliant stuff, @AppleSupport.",images\sample_0798_thread_799.jpg,Software,0,Accusation,2,True
107,108,"Tweet 1. @117650 Thank you for the update. DM us here to continue: https://t.co/GDrqU22YpT Tweet 2. @AppleSupport Okay, I️ updated my phone the newest version Tweet 3. @117650 The first step we want to take is to back it up, then update it to iOS 11.1 to rule that out: https://t.co/80YRnjDFDk Tweet 4. @AppleSupport I️ have 11.0.3 Tweet 5. @117650 Let's team up and get the exclamation point working right. Which model do you have? Is iOS 11.1 installed? Tweet 6. @AppleSupport hey apple ! What is going on with the iPhones ?? Every time I️ type the letter “I️” I️ get a symbol. Which you see right now!",images\sample_0107_thread_108.jpg,Software,0,Disapproval,1,True
40,41,"Tweet 1. @116350 We're here for you. DM us, and we'll look into this together. https://t.co/GDrqU22YpT Tweet 2. @AppleSupport Any idea why icons show up like this? I did force reset to no avail. After initial notification display, they show up. https://t.co/qBFIAlpGyD",images\sample_0040_thread_41.jpg,Software,0,No Explicit Reproach,0,True
96,97,"Tweet 1. @117508 We are here to help. Please refer to the following article for steps to report these emails: https://t.co/yGvlh3cZ5Y Tweet 2. @AppleSupport Thank you. Tweet 3. @117508 You are most welcome. If there is anything we can do to assist you in the future, please don't hesitate to reach back out. Tweet 4. @AppleSupport this is the second Fishing email that I have gotten in 2 days https://t.co/WG3DvyKLSj",images\sample_0096_thread_97.jpg,Software,0,No Explicit Reproach,0,True
747,748,"Tweet 1. @134533 Hey there! We know how important photos are, so we're more than happy to help and recommend reaching out to our Photos team directly so they can help you figure out what's going on. Click here to get started: https://t.co/IBIY3vMgPj Tweet 2. @AppleSupport Team, Photos app is acting weird. All pictures are jumbled in the Album folder & it’s not setting right. Also, Below screenshot is from Photos and this happened all a sudden & I haven’t done anything. https://t.co/CYMkRvWyL7",images\sample_0747_thread_748.jpg,Software,0,Disapproval,1,True
902,903,"Tweet 1. @154030 If your apps are crashing, we'd like to help look into that with you. What device and OS are you using, and which apps are affected? Tweet 2. Hey @115858 you wanna make an update that actually freaking works and doesn’t only make all my apps crash? K thx.",images\sample_0902_thread_903.jpg,Software,0,Accusation,2,True
25,26,"Tweet 1. @116334 Let’s work together on this situation. To clarify, did this start after updating to iOS 11.1? Also, which device are you using? Tweet 2. @AppleSupport Yes, after the update. I Phone 7 Tweet 3. @116334 Got it. Does this happen while using any particular App or feature? Let us know via a DM. We’ll keep moving forward from there. https://t.co/GDrqU22YpT Tweet 4. @AppleSupport why is my battery life short? I updated to 11.1, my battery is poor. Wife didn’t she likes her battery life",images\sample_0025_thread_26.jpg,Software,0,Disapproval,1,True
659,660,"Tweet 1. @132341 We appreciate the update and the troubleshooting you've tried so far. In DM, please let us know if this happens when using a particular app. https://t.co/GDrqU22YpT Tweet 2. @115858, please! What is going on? My iPhone’s home screen keeps going blank daily since I updated it to #ios1112. Has anyone else reported this as a bug? When will it be fixed? Help. @AppleSupport https://t.co/90JVL7lOsE",images\sample_0659_thread_660.jpg,Software,0,Blame,3,True
69,70,"Tweet 1. @117108 We are here to help. So we can best isolate the cause, could you verify your exact iOS version? https://t.co/ZTw54HL4Rm Tweet 2. @AppleSupport 11.0.3 Tweet 3. @117108 Got it. From here, let's update to iOS version 11.1, then test to see if the issue persists: https://t.co/80YRnjDFDk Tweet 4. I updated to iOS 11 and my iPhone 6 stopped connecting to wi-fi. Already restored the phone and the network connections @AppleSupport",images\sample_0069_thread_70.jpg,Software,0,No Explicit Reproach,0,True
611,612,"Tweet 1. @130266 We want to look into this with you to be sure it's working as expected. What seems to be happening? Have you restarted? Tweet 2. @AppleSupport Only the weather app is showing the right weather, it’s the widget that’s not showing working. I restarted. Tweet 3. @130266 Just to confirm, are you using a third party app called 'The Weather Channel'? Tweet 4. @AppleSupport No, just the Apple weather app and the Apple weather widget Tweet 5. @130266 Just to confirm, did you take these screenshots within the similar time frame? Tweet 6. @AppleSupport Yes Tweet 7. @130266 You mentioned you disabled the widget and got it working again. Is it still working OK? If the issue is continuing, DM us. https://t.co/GDrqU22YpT Tweet 8. @AppleSupport https://t.co/FUUKlavB1I Tweet 9. @130266 Join us in DM by clicking on the link below. We'll continue with support in there. https://t.co/GDrqU22YpT Tweet 10. @AppleSupport Yes it’s continuing.. https://t.co/5iIhcdXrlt Tweet 11. @AppleSupport Never mind, I disabled the widget for a while and it’s working now, thanks Tweet 12. @AppleSupport why isn’t the weather’s widget not working no more? (Even since iOS 11.1) https://t.co/XLQNCFXKDO",images\sample_0611_thread_612.jpg,Service,3,Disapproval,1,True
21,22,Tweet 1. @116104 Let us look into that. What device and OS version are you using? Tweet 2. @AppleSupport why can’t I change ringer volume with the buttons? Whose dumb idea was it to change that and how do they still have a job?,images\sample_0021_thread_22.jpg,Hardware,1,Disapproval,1,True
428,429,"Tweet 1. @123672 You're right, that email is not from us. This link will help identify phishing and how to report it: https://t.co/LNMCdqt6fD Tweet 2. #phishing Fake, fake, fake. This adress is trying to take my @115858 account ‼️Check adress mail sender https://t.co/6ifjy91pM7",images\sample_0428_thread_429.jpg,Software,0,No Explicit Reproach,0,True
84,85,"Tweet 1. @117463 Are you accidentally recording audio message or is this happening on its own? Let us know in a DM, we’ll communicate there: https://t.co/GDrqU22YpT Tweet 2. Oh my god i’m so embarrassing @115858 why do I always send voice recordings in iMessage by accident do you know how embarrassing that is?!",images\sample_0084_thread_85.jpg,Software,0,Disapproval,1,True
400,401,Tweet 1. @123504 We'd like to help. Could you Direct Message us and tell us what iOS version you're on currently? https://t.co/GDrqU22YpT Tweet 2. @AppleSupport @115858 After iOS11 the battery is draining very fast. Request you to look into it.,images\sample_0400_thread_401.jpg,Software,0,Blame,3,True
6,7,Tweet 1. @115863 Go ahead and send us a DM please. Let us know the country you're in. Tweet 2. @AppleSupport I’ve got a screenshot saying my #iPhoneX is reserved for the 3rd then an email saying it’s the 18th... what happened?,images\sample_0006_thread_7.jpg,Service,3,No Explicit Reproach,0,True
529,530,Tweet 1. @129399 We'd like to help any way we can over Twitter. Please DM us the country you're within here: https://t.co/GDrqU22YpT Tweet 2. Still no shipping confirmation from @AppleSupport @115858 on my phone yet 🤔😒,images\sample_0529_thread_530.jpg,Packaging,5,Blame,3,True
893,894,"Tweet 1. @153628 We'd like to help. Is this the first time this has happened? Do the apps appear normally if you close out of the folder then go back in? Tweet 2. @AppleSupport Yes the first time, and when i closed it and opened it again it was fixed. Tweet 3. @153628 Have you tried a normal restart of the device? This simple step can resolve issues like this. This article explains how to do a normal restart: https://t.co/bc6P3CZFdY Tweet 4. @115858 i swear the latest #ios updates are getting worse. What a shame ! #apple #ios https://t.co/OM2IjdMVnH",images\sample_0893_thread_894.jpg,Software,0,Accusation,2,True
808,809,"Tweet 1. @152264 We’d be glad to help with this. Can you confirm what action is being completed when you see this message? Tweet 2. @AppleSupport Anytime I swipe up or switch to a new app it seems. Tweet 3. @152264 Do your remember whether you attempted to purchase or reinstall an item before you began seeing this message? If not, did you make any other changes like restoring from an iCloud backup? Tweet 4. @AppleSupport how do I get rid of this pop up on my iPhone X? https://t.co/oLtU23tpBy",images\sample_0808_thread_809.jpg,Software,0,Disapproval,1,True
475,476,"Tweet 1. @128906 We'd like to help. You can tap on ""Done"" to immediately save a screenshot without edits: https://t.co/rv9TRgCtbC Tweet 2. @AppleSupport That’s still more steps than before. You can’t tap on “Done” until after you open the picture up from the bottom left of the screen either 👎 Tweet 3. @128906 We always appreciate hearing feedback from our customers. Feel free to submit your comments here: https://t.co/eTPVYVFyd8 Tweet 4. @AppleSupport I don’t like the screen shot update. When I do a screen shot I simply want it saved to my phone, not all this extra editing. 👎",images\sample_0475_thread_476.jpg,Software,0,Disapproval,1,True
98,99,"Tweet 1. @117510 Thanks for reaching out to us. Please send us a DM with your country, and we'll look into this. https://t.co/GDrqU22YpT Tweet 2. @AppleSupport I bought 2 iPhones X on Friday, but I don’t see any charge on my credit card. Do I should worry or it’s normal?",images\sample_0098_thread_99.jpg,Service,3,No Explicit Reproach,0,True
725,726,"Tweet 1. @134510 We'd be happy to look into this issue with your iPhone. Please meet us in DM and we'll get to work sorting things out. https://t.co/GDrqU22YpT Tweet 2. not that anyone contacts me anyways but if you're thinking about it, don't bc my phone is broken!!! don't worry i only wasted my entire night talking to @115858 and when i did what they told me to do, my phone turned off and now it won't turn back on:)))",images\sample_0725_thread_726.jpg,Hardware,1,Accusation,2,True
392,393,"Tweet 1. @123493 Send us a DM and let us know what version of iOS 11 you're running. We'll go from there. https://t.co/GDrqU22YpT Tweet 2. After iPhone update, my battery dies quicker than it charges when using my sleep/alarm app. On 1% when my alarm woke me 😮😡 @AppleSupport",images\sample_0392_thread_393.jpg,Software,0,Blame,3,True
303,304,Tweet 1. @122944 We'll do all we can to help out. Please DM us more about what's going on. https://t.co/GDrqU22YpT Tweet 2. @AppleSupport pls help Tweet 3. Is constantly rebooting to this screen Apple’s strat to get me to buy a new MBP? Because it’s working. https://t.co/wkRm6cCPaD,images\sample_0303_thread_304.jpg,Quality,2,Blame,3,True
569,570,"Tweet 1. @129980 Were you able to take a look at your order through the link we previously sent? Tweet 2. @AppleSupport It still says preparing for shipment :/ Tweet 3. @129980 OK, great. Have you checked other email folders? If so, please contact our Sales Support Team here: https://t.co/8yjRd1Xo0i Tweet 4. @AppleSupport no shipping confirmation on my X. Hoping it’s not an issue I should be conflcerned with",images\sample_0569_thread_570.jpg,Packaging,5,Blame,3,True
649,650,"Tweet 1. @131273 That’s not the experience we’d like you to have with your iPhone. To confirm, are you still experiencing battery issues with your iPhone? DM us. https://t.co/GDrqU22YpT Tweet 2. So I’ve been having problems with my battery dying real quick of late and then last night I updated my phone and then today a whole charge lasted me the whole day with the same useage as before before it would take 3-4 full chargers hmmm @115858 🤔🤔",images\sample_0649_thread_650.jpg,Software,0,No Explicit Reproach,0,True
517,518,"Tweet 1. @129385 Let's look into this together. DM us the device you're experiencing this on, and we'll get started. https://t.co/GDrqU22YpT Tweet 2. @115858 ^^^^^ My point exactly Tweet 3. @115858 fix my shit please I️ can’t be typin and get random stuff thrown in my sentences thanks dog🙃",images\sample_0517_thread_518.jpg,Software,0,Blame,3,True
42,43,"Tweet 1. @116352 Hey, we can work together to figure out a solution. Send us a DM and we'll continue from there. https://t.co/GDrqU22YpT Tweet 2. @AppleSupport live photo keeps turning on in the camera even when it’s set to stay off. Please fix in next update.",images\sample_0042_thread_43.jpg,Software,0,Disapproval,1,True
535,536,"Tweet 1. @129499 Thanks for reaching out to us for support. That is certainly not the experience that we want you to have with your iPhone X, and we are going to do everything we can to help you. When you have a free moment, please DM us so that we can look into this together. https://t.co/GDrqU22YpT Tweet 2. @AppleSupport Hi. I’ve had my iPhone X for less than 3 weeks and it’s been lagging and taking a while to respond to everything, especially typing, ever since I downloaded iOS 11.1.2. Is there anything I can do to fix it?",images\sample_0535_thread_536.jpg,Software,0,Blame,3,True
806,807,Tweet 1. @152262 We've received your DM and will continue working with you there. Look for a response from us shortly. Tweet 2. @AppleSupport my display has got some lines from yesterday morning. https://t.co/zf7u6KRcuW,images\sample_0806_thread_807.jpg,Hardware,1,Disapproval,1,True
79,80,Tweet 1. @117455 Are you seeing issues across all apps or are you noticing lag when performing specific tasks? Let us know in DM. https://t.co/GDrqU22YpT Tweet 2. @AppleSupport DL the latest iOS today. Very laggy 6s. Phone is running like hammered dog shit since the DL.,images\sample_0079_thread_80.jpg,Software,0,Disapproval,1,True
278,279,"Tweet 1. @121851 We appreciate that. We did receive your DM, so check for a response there shortly. https://t.co/GDrqU22YpT Tweet 2. @AppleSupport I hit up your DMs Tweet 3. @121851 Are you currently in an Apple Store? Let's meet up in DM to discuss our options. Tweet 4. Hey @115858 is this covered under warrantee? Gonna take 40 minutes for a tech to see it at the AppleStore near me. https://t.co/ttBsLJJbQa",images\sample_0278_thread_279.jpg,Service,3,No Explicit Reproach,0,True
329,330,"Tweet 1. @123057 This is not a legitimate email from Apple. This article explains how to identify and report the email: https://t.co/LNMCdqt6fD Tweet 2. @AppleSupport Noted. Thank you! Tweet 3. @123057 No problem, we’re happy to help! Let us know if we can assist with anything in the future. Have a great day! Tweet 4. @AppleSupport received this email which i believe happened to be a scammer, sender’s email is suspicious tho. Could u pls clarify this up? https://t.co/Lle0QVQaUP",images\sample_0329_thread_330.jpg,Software,0,No Explicit Reproach,0,True
394,395,"Tweet 1. @123495 We offer support via Twitter in English. Contact us for help in your preferred language here: https://t.co/IBIY3vMgPj Tweet 2. @AppleSupport iMessage stopped working and won’t activate anymore—is that a problem on your side? Tweet 3. @123495 We're not showing any issues on our end: https://t.co/7NVrDovSd8 Has it been over 24 hours since you tried activating? Tweet 4. @AppleSupport I don’t think so—it did work this morning, has been deactivated for whatever reason, and now it won’t activate… 🤔 Tweet 5. @123495 Thank you for providing us with that information. Let's look further into this issue. Please DM us the device you are using. https://t.co/GDrqU22YpT Tweet 6. @123495 @AppleSupport Nachrichten werden bei mir auch nicht mehr zugestellt Tweet 7. @123496 We offer support via Twitter in English. Contact us for help in your preferred language here: https://t.co/IBIY3vMgPj Tweet 8. @AppleSupport How can i solve this problem? https://t.co/GGrwhAf4yr Tweet 9. @123497 Let's have a look at this. Please DM us here: https://t.co/GDrqU22YpT Tweet 10. iMessage-Aktivierung schlägt mal wieder fehl… @1652 @AppleSupport",images\sample_0394_thread_395.jpg,Software,0,Disapproval,1,True
532,533,"Tweet 1. @129402 We want you to be able to use you apps and rely on the battery. Let's work on this. What happens when you try to load an app? Tweet 2. @AppleSupport it whirrs around slowly. Facebook won't load Tweet 3. @129402 iOS 11.1 is now available. Let's update and see if the issue persists. https://t.co/80YRnjDFDk Let us know the results in DM. https://t.co/GDrqU22YpT Tweet 4. @AppleSupport Uh, hello? You’ve already buggered up my system with one upgrade, so the solution is to further upgrade? WHY was I offered 11.0.3 last week? Tweet 5. @129402 When Apple releases an update, it often resolves several issues. Let us know if you're still having issues after updating. Tweet 6. Installed iOS 11.0.3 at @AppleSupport prompt last Fri. Since then battery life is drained, apps won’t load: and you knew this would happen",images\sample_0532_thread_533.jpg,Software,0,Blame,3,True
43,44,"Tweet 1. @116620 We're here to help. Send us a DM with the issue and we'll follow up from there. https://t.co/GDrqU22YpT Tweet 2. Listen I’m having issues with my phone so like can you @ me so we can talk @AppleSupport Tweet 3. @116621 Let's look at this together. Are you updated to iOS 11.1? Tweet 4. @AppleSupport 11.1?? when did that come out lol, i talked to you guys last night and you asked if i was updated to 11.0.3 which i am lol Tweet 5. @116621 It was released earlier today. Let's use these steps to update iOS: https://t.co/80YRnjDFDk Tweet 6. not only does my phone keep freezing but when i screenshot things it turns out white... really not liking this iphone 8 plus @AppleSupport",images\sample_0043_thread_44.jpg,Software,0,No Explicit Reproach,0,True
61,62,"Tweet 1. @117099 We'd be happy to help. Check out this link to for more information: https://t.co/hSnkM7JIIS Tweet 2. @AppleSupport As always, thank you!!! Tweet 3. @AppleSupport I can’t change lock screen anymore from ‘wallpaper’ in settings. How do I do it now?",images\sample_0061_thread_62.jpg,Software,0,No Explicit Reproach,0,True
579,580,Tweet 1. @130038 We're happy to help. Take a look here: https://t.co/A5QhKRZhQQ Tweet 2. @AppleSupport ???? https://t.co/4lqEvlUDI4 Tweet 3. @130038 Thanks for the photo. Let's get you pointed in the right direction. Our iTunes Team can help you further here: https://t.co/SDIe7UiyJN Tweet 4. @AppleSupport I accidentally bought something is there anyway I can get a refund,images\sample_0579_thread_580.jpg,Service,3,Disapproval,1,True
460,461,"Tweet 1. @128697 We'd be happy to look into this with you. Please reach out to us via DM and we'll get started. https://t.co/GDrqU22YpT Tweet 2. @AppleSupport This is from the new software update - all users are missing this feature. Tweet 3. @128697 To clarify, are you referring to being able to tap the Share button in Photos and sending a message? Let us know in DM. https://t.co/GDrqU22YpT Tweet 4. @AppleSupport Will you please put the texting from the photo app option back? It is super annoying having to get out of photos to txt a pic.",images\sample_0460_thread_461.jpg,Software,0,Blame,3,True
898,899,"Tweet 1. @154025 We have a few questions. Let's meet in DM to discuss. https://t.co/GDrqU22YpT Tweet 2. @AppleSupport Unless I'm missing something that can be changed in the settings to correct this issue, this change is a pain in the ass. Is there anything I can do on my end? Are you already aware of the issue? Plan on fixing in an update? Please advise. THANKS. #iOS11 #iPhone #iPad #apple Tweet 3. .@AppleSupport Hi, When my iPad & iPhone updated to IOS 11, it changed something that needs to changed back. In your calendar app, we can no longer drag & drop ""recurring"" appointments to a different day. Only indie appts. that don't repeat can be dragged. PLEASE fix this ASAP.🙏",images\sample_0898_thread_899.jpg,Software,0,Accusation,2,True
446,447,"Tweet 1. @123691 We want to be sure you receive notifications as you'd expect. Let us know if this helps: https://t.co/vXqj8bZGU7 Tweet 2. @AppleSupport Phone was 😴 Apple Watch ⌚️ 👌. I was wearing during workout this a.m. usually get all Twitter notifications Tweet 3. @123691 Thanks for clarifying this for us. Have you restarted both devices since you noticed this behavior? Tweet 4. @AppleSupport I will. Have not😉 Tweet 5. @123691 Sounds good! Do you have any app updates available? Let us know if it persists once you restart. Tweet 6. @AppleSupport All apps up to date. Not getting notifications on ⌚️ after shutting down both. Maybe Twitter’s app needs to catch up to ⌚️ Tweet 7. @123691 OK, we can definitely look into this further with you. Go ahead and send us a DM and we'll take it from there. https://t.co/GDrqU22YpT Tweet 8. @AppleSupport A thought. Since I was getting notified before updates, maybe Twitter need update to support ⌚️ Tweet 9. @AppleSupport did update on 📱 n ⌚️ result? No more Twitter notifications😱 Yup mirrors my 📱 #itsalwayssomething",images\sample_0446_thread_447.jpg,Software,0,Blame,3,True
681,682,Tweet 1. @134124 We want to help. Which iOS version is your device currently running? Tweet 2. @AppleSupport 11.1.2 Tweet 3. @134124 Thank you for that information. DM us your country to continue. https://t.co/GDrqU22YpT Tweet 4. @AppleSupport I am beginning to believe the rumor that the latest iPhone upgrade is faulty in part to force us to buy new phones...I’m on a fixed income now my phone should not be worn out...it’s certainly no fun to use now it’s so slow.. iPhoto slow and the phone drops calls..,images\sample_0681_thread_682.jpg,Software,0,Blame,3,True
724,725,"Tweet 1. @134509 We totally get that, but no worries, we can help! Let's start by having you tell us which iOS version is running under Settings > General > About. We'll get started there. Tweet 2. @AppleSupport 11.1.1 it randomly started doing that yesterday and hasn’t stopped. Tweet 3. @134509 Got it. There are a few different troubleshooting steps we can work through, and the first is getting your iPhone backed up and then updated to iOS 11.2.1. Let's meet in DM if this doesn't do the trick. Backup: https://t.co/4f8hwT5to6 Tweet 4. WHY IS MY AUTOCORRECT CORRECTING “it” to “I.T” all of a sudden😡😡 it’s just creepy and very annoying honestly. @115858",images\sample_0724_thread_725.jpg,Software,0,Blame,3,True
331,332,Tweet 1. @123059 We'll get you pointed in the right direction. Please DM us so we can go over all options. https://t.co/GDrqU22YpT Tweet 2. @AppleSupport Can I pay for  Care + online with an Apple Store gift card or do I have go into the store?,images\sample_0331_thread_332.jpg,Service,3,No Explicit Reproach,0,True
550,551,Tweet 1. @129787 Thanks for reaching out. We can definitely look into this with you. Do you have the same results if you change the amount of time? Tweet 2. @AppleSupport Yes and my friend has the same problem. Even if put in low power mode (where the option to extend timeout time is gone) . Still doesn’t work Tweet 3. @129787 Thank you for that information. May we ask which iOS version you're current using? Tweet 4. @AppleSupport 11.0.3 Tweet 5. @129787 Good to know. We do have a more recent update available. Let's have you backup and update your iPhone next: https://t.co/80YRnjDFDk Tweet 6. @AppleSupport my phone screen doesn’t time out and auto lock how it’s supposed to. I’m pretty sure all my settings are right https://t.co/6g9jQOSoOi,images\sample_0550_thread_551.jpg,Software,0,Blame,3,True
401,402,"Tweet 1. @123505 Great question! Our account security team is best suited to help you. You can reach them directly here: https://t.co/UJm15vmMM2 Tweet 2. @AppleSupport Is there a way to merge two AppleID’s, so I can use all bought items in one ID and delete the other?",images\sample_0401_thread_402.jpg,Software,0,No Explicit Reproach,0,True
127,128,"Tweet 1. @118095 We're here to help. Did this happen after a specific update, or just recently? Thanks! Tweet 2. @AppleSupport I noticed shortly after the first patch to iOS 11 not sure which one, but here in the past week or two it has gotten worse and more frequent Tweet 3. @AppleSupport It’s only done it with Apple Music and Apple Podcast, regardless if saved to phone or streaming Tweet 4. @AppleSupport It’s only done it with Apple Music and Apple Podcast, regardless if saved to phone or streaming Tweet 5. @118095 We want to help further! What model of iOS device are you using? Do you have the most recent version of iOS 11.1 downloaded? Tweet 6. @AppleSupport iPhone 7 and yes the software is up to date Tweet 7. @118095 We'd like to investigate with you. Send us a DM and we can troubleshoot more from there. https://t.co/GDrqU22YpT Tweet 8. @115858 @AppleSupport music and podcast “skip” around like a CD, then distorts and clears up in few seconds, only happens after iOS 11",images\sample_0127_thread_128.jpg,Software,0,Disapproval,1,True
134,135,Tweet 1. @118103 We want to look into this with you. DM us and let us know what model of computer you use this cord with. https://t.co/GDrqU22YpT Tweet 2. @AppleSupport @20600 lucky I was home and next to this when it randomly started to smoke. Unplugged before disaster!! What the hell? https://t.co/k42Ei9OXuG,images\sample_0134_thread_135.jpg,Quality,2,Disapproval,1,True
16,17,"Tweet 1. @116098 Let's dig into this further with you. DM us and we'll continue there. Tweet 2. @AppleSupport I️ just updated it and it’s still coming up https://t.co/22RZsQyTbh Tweet 3. @116098 We definitely understand your concern. Please backup your iPhone, update and let us know the result: https://t.co/ahjigcvFRG Tweet 4. Why is “I️” keep changing to this and how do I️ stop it🤦🏽",images\sample_0016_thread_17.jpg,Software,0,Disapproval,1,True
307,308,"Tweet 1. @122985 We’re here to help with any issues you’re having. What exactly is going on with the device? Are certain apps or features running slowly? Also, which iOS version are you currently running? You can check that in Settings > General > About https://t.co/GDrqU22YpT Tweet 2. #Siri is brain damaged.. and my phone has become ridiculously slow. I get that u want me to buy the new phone @115858 but far too obvious. @122986 pixel is looking better all the time..",images\sample_0307_thread_308.jpg,Software,0,No Explicit Reproach,0,True
371,372,"Tweet 1. @118837 Since our Twitter support is available in English, get help at https://t.co/IBIY3vMgPj or join https://t.co/pvaOFfPbjt Tweet 2. @118935 @115858 @AppleSupport @118936 Eu tbm, ja redefini varias vezes a senha e nada, mas ai o suporte me mandou um link e eu marquei hj para alguém da apple me ligar e ajudar. Tweet 3. @123366 That should not be happening. Let us help. Tell us more about this in DM. https://t.co/GDrqU22YpT Tweet 4. @AppleSupport @123366 Mee too Tweet 5. @123367 @AppleSupport @123366 Mee to same issue Tweet 6. @AppleSupport I updated to iOS 11.1 and the phone get really warm and the battery dropped by 10% in 10 minuets when I watched videos in YouTube. iPhone 7+ Tweet 7. @123369 You've come to the right place for help. What type of device are you using? Let us know via DM. https://t.co/GDrqU22YpT Tweet 8. @AppleSupport @123369 ALL THE DEVICES GET IT Tweet 9. @AppleSupport the weird symbol thing when I️ type happens to me",images\sample_0371_thread_372.jpg,Software,0,Disapproval,1,True
470,471,"Tweet 1. @128901 We're glad to help! Please let us know exactly what's going on, and if this addresses your issue: https://t.co/G7BHuQnDS6 Tweet 2. @AppleSupport I know exactly how to turn on and off my WiFi, my issue is with the new iOS location works better with WiFi so it’s constantly turning on 🚮 Tweet 3. ‼️ STOP TURNING ON MY WI-FI ‼️@AppleSupport",images\sample_0470_thread_471.jpg,Software,0,Accusation,2,True
870,871,"Tweet 1. @153605 We'll gladly assist. Were the Contacts associated with your iCloud account or with another service? At Settings > General > About > Available, how much space is listed? Tweet 2. @AppleSupport @115858 thanks for erasing my contacts with the new update",images\sample_0870_thread_871.jpg,Software,0,Accusation,2,True
669,670,Tweet 1. @133758 We want to help. Let's move over to DM. Let us know what country you're located in. https://t.co/GDrqU22YpT Tweet 2. Why is it @115858 can update improve the IPhone but not improve their charging cables to last more than 3 months? 🤔 https://t.co/Gmi7VwsfU8,images\sample_0669_thread_670.jpg,Hardware,1,Accusation,2,True
561,562,"Tweet 1. @129797 We'd like to look at this with you. Are you receiving other notifications? If you are, try updating WhatsApp and check again. Tweet 2. @AppleSupport I think it’s fixed...thank you Tweet 3. @129797 You’re welcome! If you have any other issues, let us know. We’re available every day from 5 a.m. to 8 p.m. Pacific time. Tweet 4. @AppleSupport this new iOS update doesn’t send whatsapp notifications when my phone is locked. FIX THIS PLEASE",images\sample_0561_thread_562.jpg,Software,0,Blame,3,True
674,675,Tweet 1. @134116 We are here to help. DM us your iOS version and we can take a look at this for you. https://t.co/GDrqU22YpT Tweet 2. @AppleSupport hi ! Can we have my battery health on my iPhone 6 checked ?,images\sample_0674_thread_675.jpg,Software,0,Disapproval,1,True
721,722,"Tweet 1. @134506 Thank you for reaching out to us. This article may help: https://t.co/3Y2HCovI6b For more questions about Apple TV, please contact our team here: https://t.co/IBIY3vMgPj Tweet 2. @AppleSupport Will the Apple 4k TV support HDMI 2.1? You sell the cables but will the cables work with the 4k Apple TV.",images\sample_0721_thread_722.jpg,Hardware,1,No Explicit Reproach,0,True
882,883,"Tweet 1. @153617 We want to help you out. Does this issue occur on a Wi-Fi connection? Which version of iOS are you running? Tweet 2. @AppleSupport Yes it’s occur with and without work-fi connection.. 11.0.2 Tweet 3. @153617 Thanks for the info. Let's start by updating the device to the latest version of iOS by following these steps: https://t.co/ahjigcvFRG Let us know if you are still having trouble after that. Tweet 4. @AppleSupport Actually I never used iTunes Store I’ve been facing this issue with my old iphone 6splus Tweet 5. @153617 Thanks for the info. Try following the steps in this link to get connected to the iTunes Store: https://t.co/1SrHVMz478 If you are still having issues after that, send us a DM and we'll continue from there. https://t.co/GDrqU22YpT Tweet 6. @153617 @AppleSupport I'm wondering...could this be the issue? https://t.co/xLgitut9UE If your iTunes account is setup for another country from the one you are presently residing in, then I would refer to this article...https://t.co/eGliRacYY4 Tweet 7. I can’t connect to the iTunes Store! @AppleSupport https://t.co/EZyaJHVWlW",images\sample_0882_thread_883.jpg,Software,0,No Explicit Reproach,0,True
128,129,Tweet 1. @118096 We certainly want you to be able to type. Have you tried restarting the device since this has happened? Tweet 2. .@AppleSupport .@115858 haven’t been able to type I️ since the new update https://t.co/BtR51UmAzb Tweet 3. I️ might have to fold for this League Pass,images\sample_0128_thread_129.jpg,Software,0,Disapproval,1,True
280,281,Tweet 1. @121853 Here’s what you can do to work around the issue until it’s fixed in a future software update: https://t.co/xXaXeeSRt9 Tweet 2. @AppleSupport i would rather be called a peasant than use a phone that glitches out when “I️” type the letter “I️” figure your shit out.,images\sample_0280_thread_281.jpg,Software,0,Disapproval,1,True
714,715,"Tweet 1. @134157 It's great you've reached out regarding the autocorrect issue you're having. Please DM us your model iPhone, the iOS version installed and any troubleshooting actions you've attempted so far. We're happy to help. https://t.co/GDrqU22YpT Tweet 2. @115858 wtf?? I.T I.T I.T I.T!! Please fix I.T",images\sample_0714_thread_715.jpg,Software,0,Blame,3,True
155,156,Tweet 1. @118507 We value your feedback. Feel free to leave it here: https://t.co/J46COPJzUo Tweet 2. @AppleSupport It's a shame that Siri can't be used to turn off the timer. Pain to do it with messy hands. Send to the idea file?,images\sample_0155_thread_156.jpg,Quality,2,Disapproval,1,True
151,152,Tweet 1. @118362 We're asking which version you're running as we released iOS 11.1 today. It may help address the issues you've been experiencing. Tweet 2. @AppleSupport No it doesn’t address. Nothing even included about battery improvement on the SW release notes from what I can see. Tweet 3. @118362 We want to make sure your iPhone works the way you expect it to. Let's get paired up in DM to get started. https://t.co/GDrqU22YpT Tweet 4. @AppleSupport So I sent you a DM and didn’t get a response. Are you actually willing to help or just trying to take it offline? Software upgrade was done Tweet 5. @AppleSupport I app. the reply. Iphone 7+. Not finishing for an 8 or an X just fix the SW. I can’t go another week with the 7+ Tweet 6. @118362 We'd like to work with you. May we ask what type of iOS device you have? Let us know to get started. Tweet 7. @115858 so IOS 11 reduced avg battery life from 240 minutes to 96?? Seriously I would rather have my batter explode and get a new one...,images\sample_0151_thread_152.jpg,Software,0,Disapproval,1,True
176,177,Tweet 1. @118724 Let's team up in DM and determine how we can clear up this space. You can reach us at the link below. https://t.co/GDrqU22YpT Tweet 2. @AppleSupport MacOS Sierra is taking up over 100G of my 120G SSD. Why does it take up that much space and can I do anything about it?,images\sample_0176_thread_177.jpg,Quality,2,No Explicit Reproach,0,True
503,504,Tweet 1. @129208 We're glad to hear everything is back to normal. Please reach out to us if there is ever anything else. Tweet 2. @AppleSupport App store now appears to be working Tweet 3. @129208 Help is here. We're not reporting any outage at this time: https://t.co/7NVrDovSd8 Any issues connecting to the iTunes Store? Tweet 4. @115858 updated to 11.1 on iPhone 7 and now it won’t connect to the App Store. Known issue?,images\sample_0503_thread_504.jpg,Software,0,Disapproval,1,True
738,739,Tweet 1. @134523 We would love the opportunity to work with you today to get these issues corrected. Let's begin with finding out which iOS version you are running under Settings > General > About. DM us that version number here: https://t.co/GDrqU22YpT Tweet 2. @115858 Also can @AppleSupport please tell me why my one year old iPhone is crapping out and always freezes or dies?!?! This shit didn’t happen when I️ had an Android..... 🤔 Tweet 3. Also shoutout to @115858 for this stupid iPhone glitch. How you gonna fuck up the letter i when it’s in the name of all your products and the operating system 🤦🏿,images\sample_0738_thread_739.jpg,Software,0,Accusation,2,True
439,440,"Tweet 1. @123684 Hey there! Depending on your bank, it can take 3-5 business days to reflect in your account. We hope this helps. Tweet 2. @AppleSupport Thank you for letting me know. Tweet 3. @123684 No problem! Feel free to reach out to us here if you need help in the future. Tweet 4. @AppleSupport I got refunded for an in app purchase on Monday & got a conformation email, but there’s no sign of it in my account yet...",images\sample_0439_thread_440.jpg,Price,4,Blame,3,True
108,109,"Tweet 1. @117651 You've come to the right place. What seems to be going on with your phone? Tweet 2. @AppleSupport My screen is lagging, my apps are all glitching, your new screen updates are slowing my processsing speed down. Y’all are killin me fr yo Tweet 3. @117651 Is this happening only with certain applications? Meet up with us in a DM, we'll continue there. https://t.co/GDrqU22YpT Tweet 4. Hey @115858 just wondering why this new update has had my phone going bananas all day so far?? Please enlighten me.",images\sample_0108_thread_109.jpg,Software,0,Disapproval,1,True
779,780,"Tweet 1. @135039 Thank you for taking the time to reach out to us and for providing that screenshot. We know how important it is for your iPhone to display the correct time, and we'd love to help. Does restarting resolve the issue, or does it continue to show the wrong time? Tweet 2. @AppleSupport Restart worked. Thanks Tweet 3. @AppleSupport FYI (It’s 1am currently) https://t.co/gY7iurUg5b Tweet 4. I took this screenshot a second ago. My phone thinks it’s 9am. Or maybe I time traveled… Go home iPhone, you’re drunk… https://t.co/gB8VH6mggk",images\sample_0779_thread_780.jpg,Software,0,Blame,3,True
581,582,"Tweet 1. @21723 We're happy to look into this with you today. Wi-Fi password sharing is a built-in function of iOS 11. Does this persist through a restart of your device? Tweet 2. @AppleSupport This dialogue has started appearing every time I unlock my device, even though I've completed the share. (It offers to share the same WiFi password each time.) I upgraded some days ago to iOS 11.1.2. I can't even find where to turn this feature off. https://t.co/SFQvqlswbC",images\sample_0581_thread_582.jpg,Software,0,Blame,3,True
495,496,Tweet 1. @129049 We want to help. DM us more about your battery and we'll work from there. https://t.co/GDrqU22YpT Tweet 2. @116333 Question for you please. Why are the iPhone battery start to die when you still have 6 months left in your contract to go,images\sample_0495_thread_496.jpg,Software,0,Blame,3,True
767,768,Tweet 1. @135026 We appreciate you reaching out to us. Please use this link to provide us feedback: https://t.co/J46COPJzUo Tweet 2. I hate how the album artwork is so tiny now 🙄 @115858 https://t.co/B3ltDckhQd,images\sample_0767_thread_768.jpg,Quality,2,Blame,3,True
706,707,Tweet 1. @134149 That is certainly not the experience we want you to have. Which iOS version is your device running? https://t.co/GDrqU22YpT Tweet 2. @AppleSupport ios 11 😭😭 Tweet 3. @134149 Let's continue in DM. You can use the following link to get in touch with us directly: https://t.co/GDrqU22YpT Tweet 4. @AppleSupport wait huh ?!? Tweet 5. @AppleSupport imma need y’all to fix this “I.T” thing . cause i’m about tired . keyboard shortcut trick doesn’t work 🤷🏽,images\sample_0706_thread_707.jpg,Software,0,Blame,3,True
86,87,"Tweet 1. @117481 If you are unable to access these resources, let's get you connected with our local AppleCare Support team to get you to our Online Support group: https://t.co/zDY8Np0kg6 Tweet 2. @AppleSupport Just phone numbers, not available now … why is it so hard to just put an email-address there? Tweet 3. @AppleSupport Chat doesn’t seem to work in Germany. On the order page I cannot leave comments … Tweet 4. @117481 We want to help out. Look here to talk with our Online Support: https://t.co/8yjRd1Xo0i Tweet 5. Dear @115858, I have an online order which I never received - who can I talk to?",images\sample_0086_thread_87.jpg,Service,3,No Explicit Reproach,0,True
82,83,"Tweet 1. @117459 Finder and Get Info windows don't include snapshots in their calculations so that's not the root cause. Let's meet within DM: https://t.co/GDrqU22YpT Tweet 2. @AppleSupport I don’t know. I need the space though. How do I get rid of some snapshots Tweet 3. @117459 Is 25 GBs what you have left after the snapshots were created on the drive though? Or, were you low on space prior to snapshots? Tweet 4. @AppleSupport Its slowing down my mac a lot Tweet 5. @117459 Thanks for reaching out to us. We're happy to help out. We recommend checking out this link: https://t.co/03O2CionXW Tweet 6. @AppleSupport i have 256 hd and timemachine/system is taking up 150gb of space. I only have 25gb free. Is it suppose to work like this?",images\sample_0082_thread_83.jpg,Quality,2,Disapproval,1,True
642,643,Tweet 1. @130665 We'd be happy to look into this issue with you more in detail. Reach out to us via DM and let us know what iPhone you're using and the iOS version that is installed and we'll continue from there. https://t.co/GDrqU22YpT Tweet 2. My phone does not notify me of new messages whenever its unlocked and I really dont know why but I absolutely hate it! & @AppleSupport needs to fix that NOW! Because that is highly unacceptable and I do not appreciate the inconvenience it causes me or my friends as a result of it,images\sample_0642_thread_643.jpg,Software,0,Accusation,2,True
352,353,"Tweet 1. @123180 Thanks for reaching out; we'd like to help. When did you first encounter this issue? Tweet 2. @AppleSupport I’m late to the complaining party, but y’all I keep having to restart my phone just to make a call 🙄",images\sample_0352_thread_353.jpg,Software,0,Disapproval,1,True
156,157,Tweet 1. @118508 Let us help you get this sorted out. Can you tell us which iOS version you are currently using please? Tweet 2. @AppleSupport 11 Tweet 3. @118508 Send us a DM and we can check on more options for you. https://t.co/GDrqU22YpT Tweet 4. @115858 what’s up with my “I️” being replaced with some bs in my messages? Makes me want to throw the whole phone away.,images\sample_0156_thread_157.jpg,Software,0,Disapproval,1,True
31,32,"Tweet 1. @116340 We can help. Let’s start with the following steps to see if we can save you a trip in for service: https://t.co/RqWW0duJ0U Tweet 2. @AppleSupport Hi, I plugged an adapter straight into the transformer and it still didn't charger. The charger LED does not light up either. Tweet 3. @116340 We certainly want to take a closer look into this. Select the following link to join us in a DM and we'll go from there. https://t.co/GDrqU22YpT Tweet 4. @AppleSupport ...cost for sending in for diagnosing a problem if it's out of warranty? Tweet 5. @AppleSupport hi, I have a problem with my macbook pro, it won't turn on, I think it might be the charger but not sure. Is there a...",images\sample_0031_thread_32.jpg,Hardware,1,No Explicit Reproach,0,True
342,343,Tweet 1. @123167 Send us a DM and let us know how long your battery is lasting. We'll help. https://t.co/GDrqU22YpT Tweet 2. @AppleSupport No thanks. My fiancé works tech support for Apple. He complains about the same thing. Tweet 3. @AppleSupport Fix our iOS 11.03 battery issue. I’m on a 7 plus. @1257 Tweet 4. @123168 This resource should do the trick. Check out the steps under 'Turn on Automatic Downloads': https://t.co/2oRvemLiMD Tweet 5. @AppleSupport I meant auto renewing purchases per week or month like the FemaleFitness app for example Tweet 6. @123168 Got it. This article should do the trick for that: https://t.co/YKDbvueXrq Tweet 7. @AppleSupport how can I unsubscribe to an auto renewing app in my iPhone?,images\sample_0342_thread_343.jpg,Software,0,No Explicit Reproach,0,True
283,284,"Tweet 1. @122015 We can help with iPhone performance. What device are you currently using? We'll help get that resolved. Tweet 2. how come @115858 that is suppose to be a top tech company, cant manage to create an update that doesn't make my iphone slower, and freezing constantly after updating it? my iphone version is only one from the last, and i have enough memory left... $ not worth",images\sample_0283_thread_284.jpg,Software,0,Accusation,2,True
177,178,"Tweet 1. @118725 Let's take a look at this together! To begin, feel free to DM us what iOS version you're currently on. https://t.co/GDrqU22YpT Tweet 2. Wtf is @115858 doing with my letter “I️”",images\sample_0177_thread_178.jpg,Software,0,No Explicit Reproach,0,True
15,16,Tweet 1. @116097 We'd like to look into this with you. Please DM us your current iOS version and your iPhone model. https://t.co/GDrqU22YpT Tweet 2. Why does my I️ not work ?! @115858 please fix this!!!,images\sample_0015_thread_16.jpg,Software,0,No Explicit Reproach,0,True
75,76,"Tweet 1. @117183 Are you currently using Low Power Mode? If so, disable that from Settings > Battery and restart. Let us know in DM if it helps. https://t.co/GDrqU22YpT Tweet 2. @AppleSupport Yes, sorry i mean iOS 11, when I texting my keyboard it’s very slow and my battery it consumes very fast. Tweet 3. @117183 We can help! We assume you mean iOS 11, right? Can you tell us what types of performance issues you're experiencing? Tweet 4. @AppleSupport I installed the iOS 10.0 , 10.0.1 and 10.0.2 and makes my iPhone 6 very slow and doesn’t work properly can you help me?",images\sample_0075_thread_76.jpg,Software,0,No Explicit Reproach,0,True
305,306,"Tweet 1. @122946 Update improvements can resolve lots of issues. Learn more about iOS 11.1 here for specifics: https://t.co/iwrxY4BcIv Tweet 2. @AppleSupport But this does not solve the battery. When will they provide an update that resolves battery consumption? Tweet 3. @122946 If you are still experiencing issues with battery life, send us a DM. Let us know if there are any app updates available. https://t.co/GDrqU22YpT Tweet 4. @AppleSupport Sent 🤘🏻 Tweet 5. Hey @115858 and @AppleSupport does this improve iOS11's excessive battery consumption? #iOS11 #ios #apple #battery https://t.co/EkBBoM6K2u",images\sample_0305_thread_306.jpg,Software,0,No Explicit Reproach,0,True
788,789,"Tweet 1. @135048 We know it's important for your iPhone to work smoothly, and we'd love to help. In DM, please let us know which iOS version you're using. https://t.co/GDrqU22YpT Tweet 2. @115858 Get it together with this phone freezing issue!! It’s annoying, and I know I wont get a free phone if I slam this one.",images\sample_0788_thread_789.jpg,Software,0,Accusation,2,True
664,665,"Tweet 1. @132837 Hi Claire, I'm so sorry about this. Please can you DM me your full address, contact number and email address .. Tweet 2. @132838 We want your iPad running smoothly on the new iOS 11 software. What's going on with your iPad so that we can see how we are able to assist you today, and make your iPad better? Tweet 3. @115858 ios 11 on ipad sucks wtf",images\sample_0664_thread_665.jpg,Software,0,Blame,3,True
478,479,Tweet 1. @128909 We'd like to help. Could you Direct Message us and let us know what country you're located in? Tweet 2. @115858 are y’all gone fix this i button? Why is it showing up as a question mark in a box https://t.co/Dm1y4IvVE2,images\sample_0478_thread_479.jpg,Software,0,Accusation,2,True
688,689,"Tweet 1. @134124 We want to help figure out what happened. Meet us in DM and we will go from there. https://t.co/GDrqU22YpT Tweet 2. @AppleSupport since the last IPhone upgrade my phone is slow, slow slow no fun to use..I called support and you had me up grade my computer then try to refresh my phone with iTunes, you were to call me back in an hour at your suggestion but you never did and I waited and waited",images\sample_0688_thread_689.jpg,Software,0,Blame,3,True
187,188,Tweet 1. @118932 You're quite welcome! Tweet 2. @AppleSupport Thank you so much for your help. Tweet 3. @118932 You're in the right place for help. Let us know in a DM if the issue started randomly or since you first setup the Watch. https://t.co/GDrqU22YpT Tweet 4. @AppleSupport I have updated my WatchOS but cannot stream the radio on LTE (@115911) . Wi Fi (both tethered and direct from watch) works,images\sample_0187_thread_188.jpg,Software,0,No Explicit Reproach,0,True
694,695,Tweet 1. @134137 Let's find out. Send us a DM with your software version to get started. https://t.co/GDrqU22YpT Tweet 2. @AppleSupport What is 'profile' and 'Secure' in iCloud? https://t.co/JqToSmfVv2,images\sample_0694_thread_695.jpg,Software,0,Blame,3,True
670,671,Tweet 1. @133759 We'd be happy to look into this with you more in detail. Please reach out to us via DM and we'll get started. https://t.co/GDrqU22YpT Tweet 2. @115858 what in the fuck is “I.T”???,images\sample_0670_thread_671.jpg,Software,0,Blame,3,True
114,115,Tweet 1. @117806 Your keyboard is important and we'd like to help get it working right. When did this start and which device model is it? Tweet 2. @AppleSupport started before downloading 11.1 (was never able to download 11.0.3). hasn't gotten better since update Tweet 3. @117806 Let's continue within DM here: https://t.co/GDrqU22YpT Tweet 4. @AppleSupport started yesterday. Has slowly been happening to more and more people since then. Already have a support ticket open. Tweet 5. @applesupport please help us lmao https://t.co/EngGZoVACe Tweet 6. @117807 We're here to help. Which version of iOS do you have installed on your device? You'd see this in Settings > General > About. Tweet 7. @AppleSupport 11.0.3 Tweet 8. @117807 Thanks. Let's continue the conversation in DM. https://t.co/GDrqU22YpT Tweet 9. Dear @AppleSupport why is my letter I️ not working by itself in email or text? When I️ type the letter “I️” the attached happens. https://t.co/2qZ7Tjx5cF,images\sample_0114_thread_115.jpg,Software,0,No Explicit Reproach,0,True
620,621,"Tweet 1. @130487 We'd be happy to look into this issue with you. Send us a DM and we'll get started there. https://t.co/GDrqU22YpT Tweet 2. I updated my phone and I’m still seeing these dumb ass question marks, @115858 what’s going on?",images\sample_0620_thread_621.jpg,Software,0,Blame,3,True
216,217,Tweet 1. @119365 We'd like to take a look at this with you. Let's continue our conversation in DM. https://t.co/GDrqU22YpT Tweet 2. Yo @115858 how come when the IPhone X coming out so soon my phone starts overheating and draining battery when I’m charging it?,images\sample_0216_thread_217.jpg,Quality,2,No Explicit Reproach,0,True
432,433,"Tweet 1. @118188 Thanks for reaching out to us. We are always happy to help. Is this the only playlist that this happens with? Tweet 2. @AppleSupport the thumbnail is re-fetched every time, and if you keep going from playlist#1 to playlist#2 to playlist#1 to playlist#2 it'll always refetch https://t.co/jB31IVu5pD Tweet 3. @118188 Thanks for following up. Send us a DM so we can talk about this with you there. https://t.co/GDrqU22YpT Tweet 4. hey @AppleSupport why does @115948 keep re-fetching the thumbnail when it obviously hasn't changed? #appleQA #ChiefQA #Apple https://t.co/Ipj2L9H8CJ",images\sample_0432_thread_433.jpg,Quality,2,Disapproval,1,True
737,738,Tweet 1. @134522 We can help look into options to get this repaired. Reach out to us in DM and we will help. https://t.co/GDrqU22YpT Tweet 2. Well guys ... i dropped my iPhone .. my iPhone w/ a case on it .. my iPhone that’s supposedly shatter proof .. my iPhone 8 Plus That now has a cracked screen .. any explanations @115858 🤦🏽,images\sample_0737_thread_738.jpg,Hardware,1,Accusation,2,True
311,312,"Tweet 1. @123038 We want your iPhone to be working as expected. Send us a DM with more details, and we'll start there. https://t.co/GDrqU22YpT Tweet 2. @115858 since we have update our phone we are facing many problem ringer is not working,network issue, phone hang problem. Poor update",images\sample_0311_thread_312.jpg,Software,0,Disapproval,1,True
143,144,"Tweet 1. @118246 We'd love to look into this with you! To begin, can you DM us what iOS version you're currently on? https://t.co/GDrqU22YpT Tweet 2. @AppleSupport Wow! Also in landscape! This is better than I think! https://t.co/3dgmcVMKXI Tweet 3. Brand New Effect on #iOS11 @AppleSupport Beautiful! Great work! 😂 https://t.co/0INPNlWcvT",images\sample_0143_thread_144.jpg,Software,0,Accusation,2,True
807,808,Tweet 1. @152263 We offer support via Twitter in English. Contact us for help in your preferred language here: https://t.co/IBIY3vMgPj Tweet 2. @115858 ok che è di giugno 2010... ma.. valutate voi... oggi era instabile l’ho girato e tutto l’alluminio era piegato... vi pare il caso? (Cliente Apple da 20anni) @AppleSupport https://t.co/jtGOsE48NI,images\sample_0807_thread_808.jpg,Software,0,Blame,3,True
907,908,"Tweet 1. @154034 Thanks for reaching out to us for support. That is certainly not the experience that we wanted you to have with your device, and we are going to do everything we can to help you. When you have a free moment, please DM us so that we can look into this together. https://t.co/GDrqU22YpT Tweet 2. I have an iPhone 6+ and after installing the IOS upgrade, my phone's touchscreen is unresponsive. I'm repeatedly hard shutting it down and restarting. Plus I did a complete hard wipe and reinstall and issue remais. I have plenty of storage too. Help @AppleSupport please.",images\sample_0907_thread_908.jpg,Hardware,1,Blame,3,True
878,879,"Tweet 1. @153613 Hi there. Please reach out to our Sales Support team with questions about purchasing. You'll find them here: https://t.co/8yjRd1Xo0i Tweet 2. @AppleSupport Thanks, but this doesn’t appear to be working for me as it says I’m international and the site you sent is for the US. When I try searching it for the U.K. I can’t find sales support only product support Tweet 3. @153613 Thank you. Let's go ahead and try this link: https://t.co/uRdNJFkoG7 for the UK. Tweet 4. @AppleSupport Heard your offering a deal today, That you receive a gift card with a purchase. Can this be used along with student discount aswell ? 🍎 Regards",images\sample_0878_thread_879.jpg,Price,4,No Explicit Reproach,0,True
511,512,"Tweet 1. @129233 Thanks for those details. Let's try this. It looks like Personal Hotspot and Low Power mode are both on. Try turning off both of these features, restarting and turning on the iCloud Music Library again. Let us know with a DM if that does the trick. https://t.co/GDrqU22YpT Tweet 2. @AppleSupport Thanks! Neither were on when this started but I’ll try that and get back with you. Tweet 3. @AppleSupport My library works fine on the iPhone 7 I use for work, and on my Macbook. I was missing a playlist on my 7+ so I turned the library off and then back on hoping it would re-sync, but now can’t seem to access it at all on the 7+. Tweet 4. @AppleSupport Currently running iOS 11.1.2. Have tried restarting and trying different wi-fi networks. Get this message after about 5 mins each time. https://t.co/DskcuMRMHg Tweet 5. @129233 We've got you. Is this still happening after restarting and trying with different Wi-Fi networks? Let's also get your iOS version. That'll help us get started. Tweet 6. @AppleSupport I’m having trouble setting up my iCloud Music Library on my iPhone 7+. It’s been saying “temporarily unavailable” all day. Can you help?",images\sample_0511_thread_512.jpg,Software,0,Disapproval,1,True
382,383,Tweet 1. @123385 We're here to help. Let's take this to DM so we can better assist you. https://t.co/GDrqU22YpT Tweet 2. Whats wrong with you @115858? I can't believe that you can't fix that in three iOS 11 public releases #ios11 #contacts #apple https://t.co/LhGpKh4zj3,images\sample_0382_thread_383.jpg,Software,0,Accusation,2,True
55,56,Tweet 1. @116855 We'd like to have you backup and update your iPhone to iOS 11.1 and let us know if that helps: https://t.co/ahjigcvFRG Tweet 2. @AppleSupport I've updated to iOS 11.1 just now. I shall check out these WiFi hotspots tomorrow and later in the week. Tweet 3. @116855 Sounds good. Let us know the results in DM and we'll continue working with you there. Thanks again. https://t.co/GDrqU22YpT Tweet 4. @AppleSupport The ‘Overlapping url over TIME on Free WiFi hotspots’ remains. v11.0.3. Not a WiFi problem; two different hotspots shown. https://t.co/81ifcrDUeS,images\sample_0055_thread_56.jpg,Software,0,No Explicit Reproach,0,True
301,302,"Tweet 1. @122941 We offer support via Twitter in English. Contact us for help in your preferred language here: https://t.co/IBIY3vMgPj Tweet 2. 28 min Benutzung, 42 min Standby: 10% Akku verbraucht. Mit iOS 11.1 hat sich nichts getan, eher noch schlimmer geworden @AppleSupport Tweet 3. @122942 We can help. Here's a great article to clarify more about Wi-Fi & Bluetooth in the Control Center: https://t.co/vzVz37YMv0 Tweet 4. Ios 11.1 & I can’t even turn off the wifi & bluetooth from the control center!! @115858 @AppleSupport",images\sample_0301_thread_302.jpg,Software,0,No Explicit Reproach,0,True
415,416,Tweet 1. @123520 We offer support via Twitter in English. Contact us for help in your preferred language here: https://t.co/IBIY3vMgPj Tweet 2. @AppleSupport How can I connect an external microphone to diphone 6S to optimize the sound with video? Tweet 3. @123520 We'll be happy to provide you with some information on this. Reach out to us via DM and we'll continue with you there. https://t.co/GDrqU22YpT Tweet 4. @AppleSupport Hoe kan ik de externe microfooningang van mijn iPhone 6S blijven gebruiken voor een professionele microfoon?,images\sample_0415_thread_416.jpg,Hardware,1,No Explicit Reproach,0,True
682,683,"Tweet 1. @134125 You're in the right place, and we'll do all we can to help. To get started, may we know what iOS 11 version is currently installed? Let us know in DM and we'll continue from there: https://t.co/GDrqU22YpT Tweet 2. @applesupport The new iOS is horrible. It’s made my iPhone 6 so slow, it’s beyond frustrating to even use. The battery life has been cut by a noticeable difference as well. Two thumbs down. I know I’m not the only person affected by this. When is the fix coming?",images\sample_0682_thread_683.jpg,Software,0,Accusation,2,True
875,876,"Tweet 1. @153610 Definitely curious, but we can help get this taken care of. Meet us in DM and let us know the type of iPhone you have and which iOS is installed, then we can go from there. https://t.co/GDrqU22YpT Tweet 2. .@115858 wtf is this https://t.co/PvxdIJRCLF",images\sample_0875_thread_876.jpg,Software,0,Accusation,2,True
543,544,"Tweet 1. @129600 Let's look into this for you. Send us a DM with your current iOS version to get started, https://t.co/GDrqU22YpT Tweet 2. What’s going on with the keyboard?! @AppleSupport 🤯 #IGate https://t.co/Kb2OodO4Pb",images\sample_0543_thread_544.jpg,Hardware,1,Blame,3,True
380,381,"Tweet 1. @123382 We'd like to look into this. To start, which device are you experiencing this on, and which software version is it running? Tweet 2. @AppleSupport @123382 Girl they don’t know how to fix it Tweet 3. @123370 @AppleSupport they better lol this is annoying Tweet 4. @AppleSupport iphone 8 plus. the latest update. this has been happening on several other phones i️ use. i️ believe this is a software issue Tweet 5. @123382 @AppleSupport My phone is experiencing the same thing and I️ have the 7 with the latest update... Tweet 6. @123383 We'd like to look into this with you. DM us and we'll go from there. https://t.co/GDrqU22YpT Tweet 7. @123382 Thanks for that information. DM us the exact iOS version your iPhone is running, and we'll continue from there. https://t.co/GDrqU22YpT Tweet 8. - what is up with the letter “eye” button @AppleSupport?! for like a 4 days now, the letter “eye” has been turning into this i️ 😐",images\sample_0380_thread_381.jpg,Software,0,Disapproval,1,True
214,215,Tweet 1. @119363 We're happy to help. Reach us here for more assistance: https://t.co/IBIY3vMgPj Tweet 2. @116602 @AppleSupport Still can’t stream https://t.co/Hy1XDxdBuL Tweet 3. @116602 @AppleSupport streaming has always been an issue to appletv. Who gets this one? https://t.co/kVi5FjLvDU,images\sample_0214_thread_215.jpg,Quality,2,No Explicit Reproach,0,True
835,836,"Tweet 1. @GloCare I subscribed last two weeks and was given 1.6mb, now I don't have data anymore. Checked my settings and noticed I was given 772MB Tweet 2. @153193 Don't be sad, we're here to help you. Let's take a look at the App Store, do you have any updates listed for WhatsApp? Tweet 3. @AppleSupport Yay! Nope, no updates. It’s not just WhatsApp notifications, it’s calls to my phone too. I got a notification of your reply so that’s good. Maybe it’s WhatsApp. Don’t know what the calls are though! Tweet 4. @153193 Alright, let's check your notification settings. Go to Settings > Notifications. Is Sounds turned on? Tweet 5. @AppleSupport 😒 really? I’ve checked that already 😉 Tweet 6. @153193 Let's take a deeper look into this in DM. Join us here: https://t.co/GDrqU22YpT Tweet 7. @AppleSupport I know, it makes me sad. Nope, other sounds are fine. Just seems to be calls and texts (WhatsApp).. it’s very ad hoc! Tweet 8. @153193 That's not what we like to hear. Let's work on this together. Do you have sound when listening to music or watching videos? What about notifications other than call or text? Tweet 9. @AppleSupport every time you bring out an update something goes wrong with my phone. It doesn’t ring when I get a call or text! Help? :)",images\sample_0835_thread_836.jpg,Software,0,Accusation,2,True
851,852,"Tweet 1. @153208 We're here for you and would be happy to look into this with you further. DM us using the link below and we'll go from there. https://t.co/GDrqU22YpT Tweet 2. I have an iPhone 6+ and after installing the IOS upgrade, my phone's touchscreen is unresponsive. I'm repeatedly hard shutting it down and restarting. Plus I did a complete hard wipe and reinstall and issue remais. I have plenty of storage too. Help @AppleSupport please.",images\sample_0851_thread_852.jpg,Software,0,Blame,3,True
181,182,"Tweet 1. @118836 You'll need to insert a SIM and activate the iPhone, once that's done you can remove the SIM and use the iPhone on Wi-Fi. Tweet 2. Why do I need a sim card when I’m joined to the WiFi? I’m only using this phone to test websites. @AppleSupport https://t.co/xdINQXPvEX",images\sample_0181_thread_182.jpg,Quality,2,No Explicit Reproach,0,True
557,558,Tweet 1. @129792 Thanks for those details. Restart your iPhone and DM us if the issue continues after that. https://t.co/GDrqU22YpT Tweet 2. @AppleSupport I updated my iPhone 6s to iOS 11.1 & now my messages are taking forever to send & say delivered in or out of WiFi 🤦🏽 Tweet 3. @129792 We want your iPhone to work for you. DM us details about what exactly is happening and we'll continue with you there. https://t.co/GDrqU22YpT Tweet 4. Just updated my phone @AppleSupport now my shit tweaking smh,images\sample_0557_thread_558.jpg,Software,0,Blame,3,True
684,685,"Tweet 1. @134127 We understand how important a good battery life is. We can help you. Send us a DM and we'll look into this further. https://t.co/GDrqU22YpT Tweet 2. yo @115858 I just bought ya iPhone 7 just like 2 weeks ago and the battery already dies quicker than @4870 dog taking a fat shit, instead of not having a headphone jack, make a better battery, period",images\sample_0684_thread_685.jpg,Hardware,1,Accusation,2,True
587,588,"Tweet 1. @130045 Our iTunes Store team would be happy to take a look into this with you. You can reach out to them here https://t.co/SDIe7UiyJN Tweet 2. @AppleSupport I am trying to install a free app, and it keeps asking me for billing information, and it keeps declining my billion information. I need help",images\sample_0587_thread_588.jpg,Software,0,Blame,3,True
712,713,"Tweet 1. @134155 We appreciate your input and encourage you to leave feedback here: https://t.co/oWzjJxkvlC Tweet 2. So @AppleSupport @115858: you have Facebook integration in MacOS 10, but have *removed* it from iOS11?? So, Facebook Events appear in my desktop iCal, but NOT on my iPhone without having to subscribe to them on my phone calendar separately, creating duplicates on my desktop? LAME.",images\sample_0712_thread_713.jpg,Software,0,Blame,3,True
644,645,"Tweet 1. @130908 We can understand your concern with it doing this while shutting down. Let’s go though some troubleshooting so we can get to the bottom of this. Before we begin, you’ll want to back up your Mac. This explains how: https://t.co/Mw8OK9APy7 Tweet 2. @AppleSupport not to be a bitter bertha so to the person responding please dont take it personally: i've backed up, done several things of trouble shooting including disc utility repairs, and I think it has to do with the updated graphics being incompatible with some of my programs. Tweet 3. @AppleSupport I guess my real question is has there been a record of other people coming forward with the same screen distortion problems? if so, i won't worry as much, as freaky as it looks. Tweet 4. @130908 This is not expected behavior of your Mac after an update. It sounds like you’ve completed some great troubleshooting steps so far. DM us what country you’re located in so we can take a closer look at this issue with you. https://t.co/GDrqU22YpT Tweet 5. Hey @AppleSupport ever since i updated to high sierra 2 days ago my screen does this when i shut down pls tell me this is a common occurrence and yall are working to fix it bc this ish makes me nervous as hell https://t.co/uDIej6mGQn",images\sample_0644_thread_645.jpg,Software,0,Accusation,2,True
614,615,Tweet 1. @130269 Could you Direct Message us and let us know what country you're located in? We'll help out. https://t.co/GDrqU22YpT Tweet 2. @AppleSupport Can you suggest a fix for the I️ not working on the keyboard other than resetting my entire phone? 7PLUS iOS 11.1,images\sample_0614_thread_615.jpg,Software,0,Blame,3,True
647,648,"Tweet 1. @131030 We're here to help. Please click here to connect with us in DM and provide us with the details of the issues you're having: https://t.co/GDrqU22YpT Tweet 2. @AppleSupport my iPhone is basically useless, when is a new update due?",images\sample_0647_thread_648.jpg,Software,0,Blame,3,True
678,679,Tweet 1. @134120 Please send us a DM. We'd like to get some additional information on what you're encountering. https://t.co/GDrqU22YpT Tweet 2. @116333 @AppleSupport @116333 @AppleSupport service centre manipulating to me .not expecting such poor service from apple. Tweet 3. @116333 @AppleSupport i have bought 5s in march and my earphone is nt wrkng .service centre denying to replace .help pls rgds gurnam 9971269316,images\sample_0678_thread_679.jpg,Hardware,1,Accusation,2,True
772,773,"Tweet 1. @135031 We'd like to get this sorted for you. We know how important it is to have your phone working properly. Click here to connect with us in DM: https://t.co/GDrqU22YpT Tweet 2. @4043 @AppleSupport And every time I’ve reached out, I’m told to reboot my phone. How many times??? 😫 Tweet 3. @135032 We want to make sure your iPhone is working great and would like to help. Please DM us the exact iOS 11 version you have installed and if you're using suggestions from https://t.co/bivpdfBNJ6, to help with your battery. https://t.co/GDrqU22YpT Tweet 4. @AppleSupport pls make a update for iphone 5s on ios 11 battery draining and phone hanging very steadily",images\sample_0772_thread_773.jpg,Software,0,Blame,3,True
205,206,"Tweet 1. @119055 We want to help! DM us and let us know more about the issues you are having. https://t.co/GDrqU22YpT Tweet 2. .@AppleSupport @115858 WHY DOES THIS KEEP HAPPENING😭 https://t.co/7v4aCGW3lO Tweet 3. @119056 The best way to verify your account & assist with the Apple ID, is to get support at this link: https://t.co/UJm15vmMM2 Tweet 4. @AppleSupport Yeah tried that, got zero help. Was told to wait longer for instructions😡 Tweet 5. So over @115858 & their awful customer service. Locked out of iCloud for 2 weeks & promised password recovery instructions that never came🖕🏽",images\sample_0205_thread_206.jpg,Service,3,Blame,3,True
336,337,"Tweet 1. @123064 We'd like to help you out. Which device are you using and which iOS are you running? Tweet 2. @AppleSupport @123064 iPhone 7; thinking of Apple Watch 3 plus cellular. Tweet 3. @AppleSupport 7 plus latest iOS Tweet 4. @123064 We'd like you to reset your Keyboard Dictionary from Settings > General > Reset. Next, restart your iPhone. Any changes? Tweet 5. @AppleSupport Wait no never mind I️ still can’t type “I️” Tweet 6. @123064 We'd be happy to look into this with you further. DM us using the link below and we'll go from there. https://t.co/GDrqU2kzhr Tweet 7. @AppleSupport All good, thanks buds Tweet 8. Yo @AppleSupport what’s up with this glitch every time I️ try to type the letter “I️” I",images\sample_0336_thread_337.jpg,Software,0,No Explicit Reproach,0,True
791,792,"Tweet 1. @CoxHelp @152247 Cox isn't going to help u they will continue to lie and rip u off Tweet 2. @152248 Would you DM us a screenshot of what you see when you go to that page? If you need help creating a screenshot on the iPhone X, just follow the steps in this article: https://t.co/iQkc2ZuaLN Click the following link to go into DM with us: https://t.co/GDrqU22YpT Tweet 3. @AppleSupport The display zoom in settings. Like this on iPhone 7 but not there on iPhone X https://t.co/3v4ONBTa4k Tweet 4. @152248 We're here to help! Which zoom are you referring to? The display zoom in Settings > Display and Brightness? Or a pinching gesture to zoom in certain applications? Tweet 5. @AppleSupport Great phone, but missing the zoomed view 😫 Tweet 6. Everything you need to know about your new iPhone X. In one handy place. Check out the user guide here: https://t.co/yR66kF8Q6d",images\sample_0791_thread_792.jpg,Software,0,Accusation,2,True
673,674,"Tweet 1. @127204 We're happy to look into issues concerning your battery. Please DM us your model iPhone and if you've made any changes to it recently; adding new app, adjusting settings, etc. https://t.co/GDrqU2kzhr Tweet 2. Does criminal case game or 8 ball pool drains battery? I am at ios 10.3.3 and my phone was 100% when i slept and now it 39%. @AppleSupport @134114 @134115 @115858",images\sample_0673_thread_674.jpg,Software,0,Disapproval,1,True
457,458,"Tweet 1. @128695 Thanks for reaching out. For billing issues with Apple Music reach out to our iTunes Store Support: https://t.co/SDIe7UiyJN Tweet 2. Ok, I have a $4.99 student account w/Apple Music but just realized some days ago they've been charging me da 12.99 family plan @115858 fix it",images\sample_0457_thread_458.jpg,Price,4,Blame,3,True
818,819,"Tweet 1. @152733 Thank you for reaching out to us today. We want to help you with your new iPhone. Please send us a DM. https://t.co/GDrqU22YpT Tweet 2. @AppleSupport See it hangs App doesn’t work https://t.co/feeUkDdJvI Tweet 3. @AppleSupport May be my handset is faulty Tweet 4. @AppleSupport I already have Tweet 5. @AppleSupport @115858 @3451 Again not working https://t.co/uHJWy0SxUV Tweet 6. @AppleSupport @115858 new phone paid a bomb ,it hangs ,apps don’t work .please revert . @3451 not working in some message,at times it works https://t.co/iTQmbH0eQu",images\sample_0818_thread_819.jpg,Software,0,Accusation,2,True
597,598,"Tweet 1. @130251 We'd like to work with you. Just to verify, this is not your iPhone, but your friends' iPhone's, right? Tweet 2. @AppleSupport Yes, I'm with them now Tweet 3. @130251 Let's take this to DM, and we can talk more details once there. Thank you in advance! https://t.co/GDrqU22YpT Tweet 4. @AppleSupport two of my friends are using the iphone 6s and 7 which have just updated. Their phone's are now freezing on multiple apps help!",images\sample_0597_thread_598.jpg,Software,0,Blame,3,True
157,158,"Tweet 1. @118509 We're here for you. There isn't a way to avoid iMessage activation with a number, but you can turn it off: https://t.co/R5zxAawOzV Tweet 2. @AppleSupport is there a way to opt out of iMessage and FaceTime during initial setup on an iPhone?",images\sample_0157_thread_158.jpg,Software,0,No Explicit Reproach,0,True
90,91,"Tweet 1. @117501 We're here for you. Let's work together to locate your photos. Did you just recently restore your device, by any chance? Tweet 2. @AppleSupport no, my photos aren’t gone. why are there four (five actually, one isn’t pictured) albums in my photos all labeled twitter? Tweet 3. @117501 Got it. Please continue with us by reaching out to our Photos app experts: https://t.co/IBIY3vMgPj Tweet 4. what the fuck @115858? https://t.co/oHhvAW2pqh",images\sample_0090_thread_91.jpg,Software,0,Disapproval,1,True
322,323,"Tweet 1. @123049 We'll be happy to look into this with you. To get started, let us know which iOS version you have installed. Tweet 2. Nope. @AppleSupport what is going on? Tweet 3. Let’s try this again and see if I️ can actually type the letter I️ lol",images\sample_0322_thread_323.jpg,Software,0,Disapproval,1,True
531,532,"Tweet 1. @129401 Thank you for reaching out to us. Are you also experiencing this when you're connected to Wi-Fi? Tweet 2. @AppleSupport 4G. In fact, my internet connection was used to create this tweet at the time so I have to assume the network was not the cause. Tweet 3. @129401 Please try the steps here and let us know the result: https://t.co/1SrHVMz478 Tweet 4. @AppleSupport Network connection ✅ Latest software ✅ AppStore setting ✅ Date and time sync ✅ Tweet 5. @129401 OK. Let us know in DM if this continues after restarting your iPhone: https://t.co/GDrqU22YpT Tweet 6. @AppleSupport I just re-read your question :) I don’t recall having the issue on wifi. However, the loading screen remains until I force close the app. Tweet 7. @AppleSupport Over the last few days the App Store has struggled to load on a few occasions. iPhone 7. IOS 11.1 https://t.co/VM7p7QYe0n",images\sample_0531_thread_532.jpg,Software,0,Disapproval,1,True
469,470,"Tweet 1. @128900 We'd like to take a look at this with you! To start, can you DM us what country you're located in? https://t.co/GDrqU22YpT Tweet 2. @115858 Ur update continues to fck me sideways. This be some skynet shit forreaal. My phone shouldn’t be able to override my decisions while I’m 😴 Tweet 3. @115858 Won’t even let me type out an iMessage longer than 20 words without quitting the app. I’ve rebooted & reset factory settings and Tweet 4. @115858 I️ refused to update my phone bc ur new update is a piece of junk. My iPhone updated w. Out my permission 2 nights ago and my phone",images\sample_0469_thread_470.jpg,Software,0,Accusation,2,True
226,227,"Tweet 1. @119814 I understand your frustration and I'd like to look into your internet concerns. Please send a DM with your full name, Tweet 2. @119815 We'll do everything we can to help you figure out what's happening. To start, what type of device are you using? Along with that, please confirm which version of the operating system is currently installed. Send over those details to us via DM. https://t.co/GDrqU22YpT Tweet 3. @115858 how come when I am listening to @115888 my music keeps pausing by itself????? I’m sorry I listen to Spotify and not Apple Music but Spotify is simply better. I’m sick of your shit Apple",images\sample_0226_thread_227.jpg,Software,0,No Explicit Reproach,0,True
223,224,"Tweet 1. @119456 Let's look into this for you. Send us a DM and we can check on available options. https://t.co/GDrqU22YpT Tweet 2. @AppleSupport Watch the key change after I️ write this. It does it on iMessage also. I️ I️ I️ . Tweet 3. @AppleSupport https://t.co/O42dewcqa4 Tweet 4. Hey @AppleSupport, what is going on with the “I️” key in iOS 11.1. When you press it, it defaults to a weird character and skips spaces. https://t.co/36PUW31SdN",images\sample_0223_thread_224.jpg,Software,0,No Explicit Reproach,0,True
449,450,"Tweet 1. @123694 DM is a Direct Message. Click the link here: https://t.co/GDrqU22YpT Tweet 2. @AppleSupport Sorry, I don’t know what is DM? Can u please help me out. Tweet 3. @123694 Good morning, Sai! We're sorry that the update isn't working out. Send us a DM, and tell us why. We'd love to sort it out. https://t.co/GDrqU22YpT Tweet 4. @116333 Hi,can you please update iOS software to 11.2 because I am facing a lots of issues with the latest version iOS 10.1",images\sample_0449_thread_450.jpg,Software,0,Disapproval,1,True
711,712,"Tweet 1. @134154 We're happy to look into this with you. Which iOS version are you using on your device? Also, are you listening to music through the Music app or a different app? Tweet 2. @AppleSupport I am using iOS 11.1.2 and I use both Apple Music and Spotify Tweet 3. @134154 How long have you been experiencing this issue? Does it occur while using the speaker, headphones, or both? Tweet 4. @AppleSupport About a week and it’s only with a Bluetooth headset or car Bluetooth Tweet 5. @134154 To prevent from repeating any previous troubleshooting, can you tell us what steps you've already taken so far? Click here to let us know in DM: https://t.co/GDrqU22YpT Tweet 6. @115858 please fix where whenever you open an app, besides music, or get a notification the music playback stops.",images\sample_0711_thread_712.jpg,Software,0,Disapproval,1,True
41,42,"Tweet 1. @116351 We're glad to hear that's sorted out for you. Have a great day. Tweet 2. @AppleSupport It’s sorted. Thanks. iOS update needed a change and hard reboot Tweet 3. @116351 We'd love to help with your alarm volume. Is the option to ""Change with Buttons"" disabled under Settings > Sounds? Tweet 4. @AppleSupport ios 11.0.3 on 6s. Cannot adjust alarm volume so waking up all in my house and neighbours despite ringer being set to minimum!",images\sample_0041_thread_42.jpg,Hardware,1,Disapproval,1,True
824,825,"Tweet 1. @152738 We're here for you. You'll want to reach out to our sales team here: https://t.co/8yjRd1Xo0i Tweet 2. @AppleSupport I appreciate the response, it was more a flail since there’s nothing that can be done save for going to the store. Tweet 3. God dammit @115858 @AppleSupport ordered earbuds, got power adapter. I understand it’s a busy time of year but now I have to find time to go get this exchanged. https://t.co/XDvMusyNzl",images\sample_0824_thread_825.jpg,Hardware,1,Accusation,2,True
601,602,"Tweet 1. @130255 Let's take a look at this together. May we ask which iOS version you're currently using on your iPhone? Tweet 2. @AppleSupport Thanks for the speedy reply. I’m currently using iOS 11.1 Tweet 3. @130255 Thanks! Let's continue in DM, please. https://t.co/GDrqU22YpT Tweet 4. @AppleSupport hi. I have an iPhone 8 plus and my screen isn’t turning off automatically. What is going on? My auto lock is 1 min",images\sample_0601_thread_602.jpg,Software,0,Blame,3,True
758,759,"Tweet 1. @134545 The performance of your device is important. We'd like to work with you on this issue. First, let's update to iOS 11.1.2 and test the performance. Let us know the results in DM here: https://t.co/GDrqU22YpT Tweet 2. @AppleSupport My apps aren’t working smooth like old iphones. Very slow after updating latest ios 11.1 specially in contacts",images\sample_0758_thread_759.jpg,Software,0,Blame,3,True
591,592,"Tweet 1. @130049 Let's check this out together. Follow us to DM and we'll take a closer look. https://t.co/GDrqU22YpT Tweet 2. @AppleSupport I have updated to the latest version and now my phone is slower than ever!! What in the fuck??? Either give me my 700$ back or fix my phone. I want it to be as fast as it was the day I purchased it. And no memory is not full cause it’s the 64gb! Fix this @115858 Tweet 3. @130049 Thanks! For the best performance and process handling, we'd recommend you update to the latest iOS version available after creating a backup. Our guide will walk you through this process: https://t.co/80YRnjDFDk Let us know if this resolves your concern. Tweet 4. @AppleSupport 10.2.1 Tweet 5. @130049 We know how important it is to have your device working as expected. Let's look into this together. Can you confirm the iOS version that is installed? This can be located in Settings > General > About > Version. Tweet 6. My iPhone is acting up!! What the fuck? I paid $700 last year for this phone, now it's glitching and being slow? @115858 fix this",images\sample_0591_thread_592.jpg,Software,0,Blame,3,True
489,490,Tweet 1. @129041 We've received your DM. Be on the lookout for our response there shortly. Tweet 2. @AppleSupport why won’t my safari tabs sync to iPad,images\sample_0489_thread_490.jpg,Software,0,Blame,3,True
85,86,Tweet 1. @117466 We'd like to look into this with you. Please DM us details and we'll be glad to work with you towards a resolution. https://t.co/GDrqU22YpT Tweet 2. @AppleSupport only 8 attempts to open the twitter app and complain about the iOS 11 messing up my iPhone 7 - this is slowing down my life :(,images\sample_0085_thread_86.jpg,Software,0,Disapproval,1,True
93,94,"Tweet 1. @117504 Let's look at this together. To begin, are you completely updated to iOS 11.1? Tweet 2. @AppleSupport Yes I️ just did that today. Tweet 3. @117504 OK, please DM us, so we can work together on this. https://t.co/GDrqU22YpT Tweet 4. @AppleSupport @117504 OH MY GOD THANK GOD I️ THOUGHT I️ WAS LOSING MY MIND Tweet 5. @AppleSupport @117504 btw it’s still doing it... Tweet 6. @AppleSupport If you look above you can see what I’m a talking about i clicked the letter I and it still does it Tweet 7. @AppleSupport hey what’s going on with the letter I . When i start to. Type this happens below https://t.co/jbNZfUwkzL",images\sample_0093_thread_94.jpg,Software,0,No Explicit Reproach,0,True
416,417,"Tweet 1. @123521 We want to look into what's going on with your TouchID. To start, which device and iOS version are you using? Tweet 2. @AppleSupport Iphone 6S, IOS 11.0.3 Tweet 3. @123521 Can you tell us a bit more about what's going on with your TouchID? Tweet 4. @AppleSupport Won’t unlock, when I try re-add my finger I get this. Have to manually unlock https://t.co/6CnhnZWyi7 Tweet 5. @123521 DM us your country, and we'll continue working there. https://t.co/GDrqU22YpT Tweet 6. Top 5 things I regret doing in MY LiFE is updating my IOS. Now my Touch ID doesn’t work! Tf @AppleSupport",images\sample_0416_thread_417.jpg,Software,0,Blame,3,True
269,270,"Tweet 1. @121842 We'd be happy to look into this with you. Feel free to DM us what country you're located in and we'll go from there: https://t.co/GDrqU22YpT Tweet 2. @AppleSupport When your senior tech blamed me for the problem because he can’t fix it or my password lead me to find help elsewhere. It is all over the web that this latest update has caused app update problems. Never again! Tweet 3. @AppleSupport Teally upset, downloaded latest 11.0 update now apps will not work on iPhone or IPad. Tech support was worthless after 120 minutes tried to blame me! Getting new phone and different notebook. This is outrageous!",images\sample_0269_thread_270.jpg,Software,0,Blame,3,True
506,507,"Tweet 1. @129211 We're here to help. Send us a DM with your iOS version, and we'll continue there. https://t.co/GDrqU22YpT Tweet 2. Yo @AppleSupport I️ I️ I️ I️ I️ I️ I️ I️",images\sample_0506_thread_507.jpg,Software,0,Blame,3,True
787,788,"Tweet 1. @135047 The Home Button is very important, so we will do everything we can to get it working. Which iOS version are you running? You can check under Settings > General > About. Have you restarted? https://t.co/OWRDHWSt4h Tweet 2. @AppleSupport Hi, ever since I download the new iOS my home button isn't working!",images\sample_0787_thread_788.jpg,Software,0,Blame,3,True
184,185,"Tweet 1. @118928 We want to help you. DM us, and we'll look into this deeper. https://t.co/GDrqU22YpT Tweet 2. I’m sorry but wtf is this @115858 https://t.co/EeCgioBGdw Tweet 3. @118929 We're anxious for you to have access to your downloads. Have you had a chance to restart the iPhone? If not, let's do that now. Tweet 4. @AppleSupport Before I got your reply, I stopped the downloads and tried again. I got this.. (image) restarting made no difference. https://t.co/oBHRi4UjXu Tweet 5. @AppleSupport Nvm got thanks mate Tweet 6. it’s been doing this for two days... cmon @AppleSupport https://t.co/SVOOZiTXli",images\sample_0184_thread_185.jpg,Software,0,No Explicit Reproach,0,True
412,413,Tweet 1. @123519 We want to help. Which iOS version is installed? You'll find that from Settings > General > About. Tweet 2. @AppleSupport 11.1 Tweet 3. @123519 DM us using the link below. We'll look into things from there. https://t.co/GDrqU2kzhr Tweet 4. @115858 wtf going on bro I’m still seeing boxes with question marks and I️ updated my phone 🙄🤦🏾,images\sample_0412_thread_413.jpg,Software,0,Disapproval,1,True
429,430,Tweet 1. @123673 We'd like to assist you with your iPad too. Join us in DM at the link below to get started. https://t.co/GDrqU22YpT Tweet 2. @123674 @115858 I’m also having issues with my iPad. The battery has suddenly decided to lose 75% from a full charge Tweet 3. The amount of issues with my iPhone now since update is a joke. @115858 clearly making old handsets obsolete on purpose.,images\sample_0429_thread_430.jpg,Software,0,Accusation,2,True
148,149,Tweet 1. @118358 Hi. We are here to help. What is the specific iOS version that you have? Tweet 2. @AppleSupport 11.1 Tweet 3. @118358 Got it. Let's continue to look further into this in DM: https://t.co/GDrqU22YpT Tweet 4. @AppleSupport 11.1 iPhone 6 Tweet 5. @115858 @AppleSupport your latest iOS update had made my phone slower and apps like iMessage are slow to open and load. What’s up with this?,images\sample_0148_thread_149.jpg,Software,0,No Explicit Reproach,0,True
391,392,Tweet 1. @123492 We'd like to help. Please confirm the iTunes version number you have installed now to get started. Tweet 2. @AppleSupport 12.7.1.14 Tweet 3. @123492 Great. Thanks for grabbing that for us. Let's move our conversation into DM so we can try a few steps to help out. https://t.co/GDrqU22YpT Tweet 4. @applesupport The latest version of iTunes for Windows keeps asking for my password and sometimes gets stuck in a loop.,images\sample_0391_thread_392.jpg,Software,0,No Explicit Reproach,0,True
530,531,Tweet 1. @129400 This may be expected behavior. Check out this support page about how to use Control Center in iOS 11: https://t.co/G7BHuQnDS6 Tweet 2. @AppleSupport most recent iPhone update switches WiFi & Bluetooth on automatically. V.annoying! Is there a way to stop this? #ItAteMyBattery,images\sample_0530_thread_531.jpg,Software,0,Blame,3,True
57,58,Tweet 1. @116864 We'd like to help. Let's take this to DM and we'll explore ways to provide you assistance. https://t.co/GDrqU22YpT Tweet 2. Don’t complain a lot about @115858 but when battery iphone goes down 50% after using your phone for 30 minutes ..... Problems since update 11,images\sample_0057_thread_58.jpg,Software,0,No Explicit Reproach,0,True
812,813,"Tweet 1. @152727 Congrats on the new iPhone X. Let's see if we can get you set up. Have you tried the update more than once? How about on another network or via iTunes? If that doesn't work, try the steps under ""Remove and download the iOS update again"" here: https://t.co/Ui1yTnOCUz Tweet 2. @AppleSupport Brand new iPhone X. It won’t verify the 11.1.2 update and therefore cannot continue the setup. How do you fix this?",images\sample_0812_thread_813.jpg,Software,0,Accusation,2,True
228,229,"Tweet 1. @119832 Let's work together to figure out the best path forward with your new iPod touch. What type of computer would you be connecting your iPod with? Along with that, tell us which version of the operating system is currently installed. Send that info via DM. https://t.co/GDrqU22YpT Tweet 2. @AppleSupport @118721 https://t.co/1mCyCovQam Tweet 3. @120209 Let's work together to sort this out. Which iOS version is running on your iPhone? Does restarting seem to help, even if only temporarily? When you play your songs in the Apple Music app instead of the lock screen, does it show how much time has elapsed? DM us here: https://t.co/GDrqU22YpT Tweet 4. I’m still waiting when @115858 will fix #applemusic bug of iOS 11. On the main screen when music is playing time is not counting. Does anyone else has the same problem? https://t.co/d7cauCESe0",images\sample_0228_thread_229.jpg,Software,0,Disapproval,1,True
358,359,Tweet 1. @123186 We'd love to look into this. Could you Direct Message us and let us know what iOS version you're on? https://t.co/GDrqU22YpT Tweet 2. @AppleSupport iOS 11 is so slow on my iPhone 5S. For example the camera app takes 5-10 seconds before it can take a photo. What gives?🤦,images\sample_0358_thread_359.jpg,Software,0,Disapproval,1,True
491,492,"Tweet 1. @129043 We want to help. Send us a DM letting us know if you are updated to iOS 11.1 https://t.co/GDrqU22YpT Tweet 2. @115858 I get you’re pushing new products but my iPhone 7 is two weeks old, quit making it freeze 6 times a day #CutTheCrap",images\sample_0491_thread_492.jpg,Software,0,Blame,3,True
293,294,"Tweet 1. @122933 Hello. Our Sales Support team will be happy to assist you with this issue here: https://t.co/RmFSlCBcIE Tweet 2. @AppleSupport Just used your ""chat"" portion on help, it won't let me chat with anyone. My apple ID has been very buggy Tweet 3. @122933 You can follow the steps listed in ""Cancel Order"" section to have this canceled: https://t.co/jr7MZtpSNY Tweet 4. @AppleSupport Yes, same thing. Its not working. I'm trying on both my account and as a guest. It says both times that I do not have access. Tweet 5. @122933 Meet us in DM with your location (country), please. https://t.co/GDrqU22YpT Tweet 6. @115858 trying to cancel an online order, each time I login i'm told I don't have access to the order.",images\sample_0293_thread_294.jpg,Packaging,5,Disapproval,1,True
92,93,"Tweet 1. @117503 For security, the passcode is always required even if you have Touch ID turned on. Are you still having touch screen issues? Tweet 2. @AppleSupport so it cant be disable? umm ya.. problem comes oftenly when my iphone just woke up. kindly please gimme some advices to heal that issue Tweet 3. @117503 This link is a great place to start: https://t.co/kQXBriN504 If you still have issues after those steps, DM us. https://t.co/GDrqU22YpT Tweet 4. @AppleSupport ya.. i did that way like 3-4times for make my screen finally worked out. whats the causes anw? what tips to prevent it wont happen again? Tweet 5. @117503 We wouldn't want to speculate into the cause, but please send us a DM so we can look into this further with you. https://t.co/GDrqU22YpT Tweet 6. @AppleSupport okay i’ll message soon, thankyou for your help Tweet 7. @AppleSupport ya.lately my screen was disfunction for touch after its been restart. i couldnt enter passcode yet homebutton still figureout my fingerprint Tweet 8. @117503 We want to make sure we understand the issue. Are you wanting to disable the passcode and still use Touch ID? Tweet 9. @AppleSupport is that safe if we disable passcode for unlock iphone? i mean,is the fingerprint still worked out? i think dat would be enough",images\sample_0092_thread_93.jpg,Hardware,1,No Explicit Reproach,0,True
110,111,Tweet 1. @117653 Thanks for contacting us. We'd like to gather some info to help out. Let's meet in DM. https://t.co/GDrqU22YpT Tweet 2. @AppleSupport I bought an iPhone 8 with AppleCare+. Wanting to return the iPhone 8. What happens with the AppleCare+?,images\sample_0110_thread_111.jpg,Service,3,No Explicit Reproach,0,True
221,222,"Tweet 1. @AskPlayStation 1. I’m not seeing the error listed in this doc. Also using PayPal, not a credit card. However, I will wait 24 hours and report back. Tweet 2. @119420 We've got a fix for the ""I"" on your iPhone. Which version of iOS are you using? You can check that at Settings > General > About. If it's not 11.1.1 or higher, backup with these steps: https://t.co/4f8hwT5to6 Then update. Let us know in DM if that doesn't help. https://t.co/GDrqU22YpT Tweet 3. @AppleSupport Alright thanks bro. Send an X my way and ill give you shoutout. Tweet 4. Lol the I️ on the new iOS is embarrassing @115858 get your shit together haahaha",images\sample_0221_thread_222.jpg,Software,0,Disapproval,1,True
420,421,"Tweet 1. @123526 We can help with this. Are you on the latest iOS 11.1? DM us your reply to continue https://t.co/GDrqU22YpT Tweet 2. @AppleSupport iPhone 7 Plus camera doesn't focus anymore when in Photo, Square mode since upgrading to iOS 11.",images\sample_0420_thread_421.jpg,Software,0,No Explicit Reproach,0,True
186,187,Tweet 1. @118931 We'd like to look into this. Does this happen in all apps you use the keyboard with? Which device is this happening on? Tweet 2. Wait why did my letter “I️” change into weird characters?!? @AppleSupport,images\sample_0186_thread_187.jpg,Software,0,No Explicit Reproach,0,True
505,506,Tweet 1. @129210 We're happy to help via Twitter however we can. Please DM us more about what's going on. https://t.co/GDrqU22YpT Tweet 2. when your screen says @applesupport live chat will be just two minutes and you have been waiting for 7. That.,images\sample_0505_thread_506.jpg,Software,0,Blame,3,True
471,472,Tweet 1. @128902 Let's partner up and get to the bottom of this. Can you DM us the device and exact version of iOS running? https://t.co/GDrqU22YpT Tweet 2. @115858 @AppleSupport lemme know if you need help finding/fixing this ‘I’ bug. https://t.co/Qw4zuinjq5,images\sample_0471_thread_472.jpg,Software,0,Blame,3,True
842,843,"Tweet 1. @153200 Send us a DM and fill us in on what exactly is occurring with your iPhone, then we can work together to get that taken care of. https://t.co/GDrqU22YpT Tweet 2. Ever since I’ve updated my phone it has been a POS @115858 I’m about to get a galaxy or something",images\sample_0842_thread_843.jpg,Software,0,Accusation,2,True
290,291,Tweet 1. @122930 We're here to help. Let's take this to DM so we can better assist you. https://t.co/GDrqU22YpT Tweet 2. @AppleSupport @115858 would be nice if you guys fixed your stuff so I can type I normally instead of I️ popping up every time..,images\sample_0290_thread_291.jpg,Software,0,Blame,3,True
349,350,"Tweet 1. @123176 We'd like to take a closer look at what's happening. DM us with what type of iPhone you're using. https://t.co/GDrqU22YpT Tweet 2. @AppleSupport I just noticed I need to update to 11.1 so I’ll do that and make sure to contact y’all if it does it again! Tweet 3. @123176 OK, sounds good. We'll be here for you if you need anything further. Tweet 4. @123177 @115858 🙋🏻 it doesn’t do it too often but it has started randomly restarting and it’s brand new.. maybe a problem with the update.. Tweet 5. Anyone else’s iPhone randomly die when it’s not even on low battery? Idk if it’s the @115858 update or what",images\sample_0349_thread_350.jpg,Software,0,Blame,3,True
751,752,"Tweet 1. @134537 The Apple TV should not have to go through a daily restart. To look into the Apple TV, let’s get you in touch with our Apple TV pros. You can reach them here: https://t.co/IBIY3vMgPj Tweet 2. @AppleSupport is it normal for me to have to restart my Apple TV everyday to get it to work?",images\sample_0751_thread_752.jpg,Hardware,1,Blame,3,True
732,733,"Tweet 1. @134517 We know how important those memories are, so let's work together to figure out what's going on. Do you have Optimize iPhone Storage turned on in Settings > Photos? DM us the answer and we'll get started. https://t.co/GDrqU22YpT Tweet 2. @AppleSupport my phone turned off and now all my pictures are gone?? what the fuck???? https://t.co/yC4MhMg4j7",images\sample_0732_thread_733.jpg,Software,0,Blame,3,True
800,801,"Tweet 1. @152256 If you are having specific issues with your iOS device, we'd like to help. Please let us know in DM what's going on. https://t.co/GDrqU22YpT Tweet 2. @AppleSupport - I did not authorize the update yet there it is and 11.1.2 sucks!!!",images\sample_0800_thread_801.jpg,Software,0,Blame,3,True
834,835,Tweet 1. @152748 Thanks for reaching out to us for support. We would love to help you. Please DM us so that we can look into this together. https://t.co/GDrqU22YpT Tweet 2. @AppleSupport How do I turn the alarm volume down to match the ringer volume? The alarm always starts on max volume for some reason. Tweet 3. @152749 We'd like to help. Could you tell us more about the charges in question? What are they related to? Let us know via DM to continue. https://t.co/GDrqU22YpT Tweet 4. @AppleSupport WHY AM I GETTING CHARGED $15 TWICE?! For NOTHING,images\sample_0834_thread_835.jpg,Price,4,Accusation,2,True
106,107,"Tweet 1. @117649 We're here for you. You'll need to contact our iTunes Store group for help with iTunes codes: https://t.co/SDIe7UiyJN Tweet 2. @AppleSupport I bought an iTunes gift card worth £15 a week ago, and the email still hasn’t come into my inbox to tell me the code. Helpppp",images\sample_0106_thread_107.jpg,Service,3,No Explicit Reproach,0,True
286,287,"Tweet 1. @122491 We understand how important your iPhone is, and we're here to help. Send us a DM, and we'll take a closer look at your device together there. https://t.co/GDrqU22YpT Tweet 2. @AppleSupport And this is my textbook and one on top is Airbnb https://t.co/Uxd9ZGKAG7 Tweet 3. @122491 Thank you for showing us those screenshots. Which version of iOS 11 do you have on your iPhone right now? You can check at: Settings > General > About Does the logo return to normal after the app loads? Does this happen with all apps? Tweet 4. @AppleSupport Other wired thing before I update I had 6 gig available and after I have 10 more. I don’t know why Tweet 5. @122491 Did this just happen when you updated to iOS 11.1.2 or did you notice it with a previous iOS update? Did the slowness start with this update or a previous update? Let us know in DM. We'll continue there. https://t.co/GDrqU22YpT Tweet 6. @AppleSupport I have the 11.1.2 it happened to all apps and it becomes normal after a delay, just like the text. It even slow down the typing. I see the lettre appear after I type and sometimes bumps Into each other’s https://t.co/HChDZZ6ZBd Tweet 7. @AppleSupport This is supposed to be Lyft https://t.co/07525dvCEZ Tweet 8. @AppleSupport Here are the screenshots of how all the apps delayed to open by all of them have a squeezed logo. Then the blank screen is my textbook that show blank for 15 sec before upload. I have some 20 gig empty space I have iPhone 6 and all these issues showed up after I did the 11 https://t.co/0Y1CqxJQmU Tweet 9. @AppleSupport your new iOS slowdown my phone and delayed everything. @116333 you should know by now that some folks works with their phone and you can messe up people work. Test the damn thing before lunch it. Or come up with a big warning “it slow down 6.7",images\sample_0286_thread_287.jpg,Software,0,Accusation,2,True
111,112,"Tweet 1. @117654 Great question. They must have a device with iOS 10 or later. Here's some more information: https://t.co/GCtGkHihKu Tweet 2. @AppleSupport But would it work with another phone brand?Like LG galaxy phones? Tweet 3. @117654 Currently, only iPhones with iOS 10 or later are supported. Tweet 4. @AppleSupport Does the person you send it too also have to have a iPhone to see this?I see it on my phone. Tweet 5. It’s attack of the new emoji. Unleash a zombie emoji-pocalypse this Halloween with the echo effect in Messages. https://t.co/P4l8dMu9dj",images\sample_0111_thread_112.jpg,Software,0,No Explicit Reproach,0,True
626,627,"Tweet 1. @130493 We've received your DM and will respond there shortly. https://t.co/GDrqU22YpT Tweet 2. @123379 @115858 Yes, My phone does not stay charged like before Tweet 3. @130494 We'd be happy to look into any issues you're experiencing. Send us a DM and we'll get started there. https://t.co/GDrqU22YpT Tweet 4. @130495 @115858 thats weird af... my phones been doing dumb shit since I updated it too tho Tweet 5. @130494 @115858 I thought the headphones were fucked up but it’s working fine on my friends phone Tweet 6. @130494 @115858 Nahh the sound is literally going back and forth from playing out loud on my phone to playing on the headphones Tweet 7. @130495 @115858 Does your sound stop working if someone calls you and you have your headphones plugged in? Tweet 8. Updated my phone and now my headphones acting crazy @115858 y’all trash",images\sample_0626_thread_627.jpg,Hardware,1,Blame,3,True
431,432,Tweet 1. @AppleSupport can you help me yo you literally replying to everyone else except me 👋🏼 https://t.co/AG3KoDLJ7e,images\sample_0431_thread_432.jpg,Hardware,1,Disapproval,1,True
124,125,Tweet 1. @117966 We'd be happy to help. Send us a DM and we can start there. https://t.co/GDrqU22YpT Tweet 2. updated to iOS 11.1 @AppleSupport and there's so many glitches and bugs I found inside the update,images\sample_0124_thread_125.jpg,Software,0,Disapproval,1,True
204,205,"Tweet 1. @119054 Hi. With the iOS 11 update, it can be disabled in your settings. For more information, please visit: https://t.co/G7BHuQnDS6 Tweet 2. @115858 I updated my iPhone and now the Bluetooth is constantly on. Why?",images\sample_0204_thread_205.jpg,Software,0,No Explicit Reproach,0,True
593,594,Tweet 1. @130247 Let's look into this for you. Send us a DM with your current iOS version to get started. https://t.co/GDrqU22YpT Tweet 2. @AppleSupport Tweet 3. Backed up my new phone from icloud but my photos dont seem to be backing up?😭😭😭😭 help,images\sample_0593_thread_594.jpg,Service,3,Blame,3,True
178,179,"Tweet 1. @118832 Thank you for bringing this to our attention! I understand the concern. You can report this here: https://t.co/1oz4X7rU5m (1/2) Tweet 2. @118833 Let's work this out! Have you been able to update to iOS 11.1? If not, use the steps here: https://t.co/80YRnjDFDk Tweet 3. @AppleSupport Ohh got 11.2 beta 1 😸 https://t.co/iObpTCjQkp Tweet 4. @118833 For testing purposes, let's not install the iOS beta just yet. Could you send us a DM with your country to review further? https://t.co/GDrqU22YpT Tweet 5. @AppleSupport Currently on IOS 11.1 https://t.co/b5rt34Peba Tweet 6. @115858 @AppleSupport buggie spotted https://t.co/uiuCiaj3Pl",images\sample_0178_thread_179.jpg,Software,0,No Explicit Reproach,0,True
109,110,"Tweet 1. @117652 Hi, can you tell us more about this in a DM? We'll look into this together from there. https://t.co/GDrqU22YpT Tweet 2. Ayo @AppleSupport fix this whole question mark box ting dem shits annoying.",images\sample_0109_thread_110.jpg,Software,0,Disapproval,1,True
63,64,Tweet 1. @117101 Let’s work together on this. How long has this been happening? Do you experience similar behavior with Siri? Tweet 2. @115858 creates amazing technology..... but talk to text still messes up 90% of what I will it to type..... #fixyourcrap,images\sample_0063_thread_64.jpg,Quality,2,Disapproval,1,True
113,114,"Tweet 1. @117805 We're happy to help. Are you experiencing battery issues, when using certain app? Tweet 2. Damn the new emojis @115858. Will my battery still go from 65% to 40% after one snap?",images\sample_0113_thread_114.jpg,Quality,2,Disapproval,1,True
796,797,"Tweet 1. @152253 Thanks for the mention. We're glad you reached out. So that we’re sure to be on the same page could you let us know which type of device you are working on? The operating system version will be helpful as well. Tweet 2. @AppleSupport Thank you for your answer. I am using iPad mini 2, with iOS 11.1.2. Tweet 3. @152253 Thanks for getting back to us with that information. While the new features are unalterable, we always appreciate hearing feedback. You can submit yours more formally by visiting this link: https://t.co/oWzjJxkvlC Tweet 4. @AppleSupport Thank you for the link. I’ll give the new dock a try, it was a major change and I am still adapting (wich requires time...). I was not convinced at the first glance. I’ll give a feedback in a few days. Btw, congratulations for all the other changes. :) Tweet 5. @152253 We appreciate it! Let us know if we can help with anything else, we're here for you. Tweet 6. @AppleSupport Hello. How can I have the old swipe from the right bar? The new one does not add value to my work. Also: is there any way I can hide the new dock? Tweet 7. Looking at something in Safari? Check texts and emails, or write notes, at the same time. Here's how, with Slide Over on #iPad in iOS 11. https://t.co/tanPKAEAOg",images\sample_0796_thread_797.jpg,Software,0,No Explicit Reproach,0,True
190,191,"Tweet 1. @118935 Since our Twitter support is available in English, get help at https://t.co/IBIY3vMgPj or join https://t.co/pvaOFfPbjt. Tweet 2. @118837 @115858 @AppleSupport @118936 O meu está acontecendo a mesma coisa, já redefini a senha e nada Tweet 3. @118937 We're here to help. Can you please send us a DM so we can connect? Tweet 4. @116273 needs to get on @115877 ASAP!!!!! I want a chicken gumbo 😫😫 Tweet 5. @119006 We'll do everything we can to help get this resolved. What type of device are you using and which version of the operating system is currently installed? Tell us the answers via DM. We'll meet up with you there. https://t.co/GDrqU22YpT Tweet 6. @AppleSupport what’s up with autocorrect changing it to i.t? i’ve already tried to do the text replacement trick and i.t won’t work",images\sample_0190_thread_191.jpg,Software,0,No Explicit Reproach,0,True
720,721,"Tweet 1. @134504 (1/2)失礼いたします。当サイト規定のメール便の梱包サイズに該当する商品は「メール便」でお届けすることがございます。なお、メール便はポスト投函をもって配達完了とさせていただいております。詳しくはリンクのヘルプをご参照ください。https://t.co/sk7H6eXDG0 SM Tweet 2. @134505 We know how important it is to have Face ID working properly, and we want to help. Let's start by trying the steps here: https://t.co/V5aWSz5xXV Tweet 3. I just took a shower and my Face ID stopped working, wtf @115858",images\sample_0720_thread_721.jpg,Software,0,Blame,3,True
828,829,Tweet 1. @152742 We're glad you're reaching out about this. Are you seeing the word change when typing or when reading messages/posts from others? Please DM us. https://t.co/GDrqU22YpT Tweet 2. Bitch Is “It” Not A Word ? @115858 Stop Changing My Shit To I.T,images\sample_0828_thread_829.jpg,Software,0,Accusation,2,True
770,771,"Tweet 1. @135029 We're always happy to help. What iOS device are you currently using? Let us know in Direct Message and we'll take a look. https://t.co/GDrqU22YpT Tweet 2. It’s unbelievable that @115858, @AppleSupport still haven’t sorted out the battery issues on iOS 11. I almost don’t want to use my phone because of how quickly it drains out. Unacceptable.",images\sample_0770_thread_771.jpg,Software,0,Accusation,2,True
656,657,Tweet 1. @131992 We'd like to take a closer look at this with you. Please use the link below to send us a DM and we'll continue there. https://t.co/GDrqU22YpT Tweet 2. @AppleSupport @131992 Thanks in advance; ready to work with you. Tweet 3. @131993 Go ahead and DM us. We'll continue from there. https://t.co/GDrqU22YpT Tweet 4. @AppleSupport Screenshot attached https://t.co/Iic2tWHy67,images\sample_0656_thread_657.jpg,Software,0,Blame,3,True
723,724,"Tweet 1. @134508 We offer support via Twitter in English. Get help in Spanish here: https://t.co/IBIY3vMgPj or join https://t.co/OczyRx7IOs Tweet 2. @115858 muy descontento con iPhone 8 Plus y del Apple care no solucionan problemas. No puedo cargar los tonos de llamadas que tenia en el anterior iPhone, respuestas absurdas. La radio calienta muchísimo el terminal,",images\sample_0723_thread_724.jpg,Software,0,Blame,3,True
860,861,"Tweet 1. @153218 We want you to be able to store your photos on your iPhone and be able to cherish your memories. To get started looking into this with you, could you let us know which iPhone & iOS version you're using? Tweet 2. @AppleSupport iOS 10, my phone is also freezing, jumping to other apps when i click on them, not turning on, etc. this started all of a sudden as of yesterday Tweet 3. @153218 Do you know if you use iCloud Photo Library? Try checking for your photos here: https://t.co/coj9FJKJWV Tweet 4. @115858 @AppleSupport i had 16,000 pics on my phone yesterday, 1,000 this morning and now only 500. The pics i took 10 mins ago aren't on my phone. can u get ur shit together ??? ty :)",images\sample_0860_thread_861.jpg,Software,0,Blame,3,True
752,753,Tweet 1. @134538 Thanks for reaching out and providing us this video. Let's look into this with you in DM here: https://t.co/GDrqU22YpT Tweet 2. I’m hey @115858 do i have a problem here? So much for never getting hacked... https://t.co/rJl8T7y5Er,images\sample_0752_thread_753.jpg,Software,0,Disapproval,1,True
575,576,"Tweet 1. @130034 We would love to assist you and get your device updated. Join us in DM and we'll look into this issue further: https://t.co/GDrqU22YpT Tweet 2. @AppleSupport Ok Tweet 3. @AppleSupport I've tried to update on my computer it stated that I can't do because of some error, it takes about 2 hours. No matter how times I try I see an error message Tweet 4. @130034 Thanks for those details. Do you receive an error when trying to update? Are you trying to update wirelessly or through iTunes on a computer? Tweet 5. @AppleSupport iOS 10. Tweet 6. @130034 We want to help. What device is having issues updating? What is the currently installed operating system? Tweet 7. @AppleSupport my shit not updating",images\sample_0575_thread_576.jpg,Software,0,Blame,3,True
58,59,Tweet 1. @116865 We'd like to help. What iOS version are you on? Tweet 2. .@AppleSupport why my iPhone keep dying at 30% quit playing games I'm not getting no new damn phone or iPhone x,images\sample_0058_thread_59.jpg,Hardware,1,Disapproval,1,True
877,878,"Tweet 1. @153612 We'll gladly assist. Are you having issues opening other apps or only SoundCloud? Has the device been updated recently? Tweet 2. @AppleSupport I'm afraid if I update my iOS, my battery's gonna last all of 20 minutes. I know how y'all do once the new devices start to roll around. Tweet 3. @153612 @AppleSupport We have another flat earther over here. 🙄 Tweet 4. @148889 @AppleSupport And I can't wait for you to clap back, Brett. I want all the smoke 😵🔫 Tweet 5. @153612 @AppleSupport https://t.co/GFeh15ITLY Tweet 6. @148889 @AppleSupport Right on Tweet 7. @AppleSupport It just opened, but this is a recurring problem. I just updated the app, but I'm on 10.0.1. Tweet 8. @153612 May we ask what device you're using, and the model of that device? That will help us determine the availability of updates, and plan the most relevant path forward. Tweet 9. I'm sitting in the airport. Leave to use the restroom Come back. And this app still won't open. Please fix y'all shit @126654 @115858 https://t.co/PEd9knHtva",images\sample_0877_thread_878.jpg,Hardware,1,Accusation,2,True
67,68,"Tweet 1. @117106 We'd like to assist as best we can. Do you mean iOS 11.1 which was released today? Tweet 2. @AppleSupport Yes. Sorry. I️ just watched a video about 11.2 beta. 11.1 When I️ type the letter Eye I️ happens https://t.co/bUBElgADue Tweet 3. @117106 Have you tried resetting the keyboard dictionary yet? If not, go to Settings > General > Reset > Reset Keyboard Library Tweet 4. @AppleSupport Tried I️t and I️t still doesn’t work Tweet 5. @117106 Here’s what you can do to work around the issue until it’s fixed in a future software update: https://t.co/xXaXeeSRt9 Tweet 6. @AppleSupport When eye type the letter eye a capital A with a box next to it shows up and replaces the letter eye with a question mark in a box. Tweet 7. Just updated to iOS 11.2 and my keyboard is completely screwed up and glitchy now 🤦",images\sample_0067_thread_68.jpg,Software,0,Disapproval,1,True
37,38,"Tweet 1. @AppleSupport While I️ have u,as imessaging has become so impersonal & frequent, when will you implement italics/bold etc 2 give more context to message? Tweet 2. @116346 We want to help with this. Let's start troubleshooting by trying the steps here: https://t.co/5KootZbxj1 Tweet 3. Is anyone else having problems with there iPhone 7 saying no service? @115858 @115714",images\sample_0037_thread_38.jpg,Quality,2,No Explicit Reproach,0,True
869,870,Tweet 1. @153603 We offer support via Twitter in English. Contact us for help in your preferred language here: https://t.co/IBIY3vMgPj Tweet 2. Help. iPhone 7 blijft hangen tijdens update naar #ios11.1.2 Na inloggen op iCloud blijft dit scherm verschijnen en wordt er weer gevraagd om Apple ID. #iphone7 @153604 @AppleSupport https://t.co/DhF0ldnHe0,images\sample_0869_thread_870.jpg,Software,0,Blame,3,True
794,795,Tweet 1. @152251 We’d like to look into this with you. Are apps not working correctly for you or are the apps you enjoy using not compatible with the new operating system you installed? Let us know more details in DM. https://t.co/GDrqU22YpT Tweet 2. New @115858 operating system will not run with many apps. Very disappointed so far.,images\sample_0794_thread_795.jpg,Software,0,Blame,3,True
641,642,Tweet 1. @130561 Let us help you with your iPhone! Which version of iOS are you running on the iPhone currently? Do you know if all the apps are currently up-to-date? We ask as this can affect the performance. Tweet 2. @AppleSupport 11.0.2 is newest version according to my updated itunes. all apps are updated Tweet 3. @130561 Thanks for that info. The iOS version that we released recently is iOS 11.1.2. Try updating using your iPhone itself and let us know if you're able to update. We also encourage a backup before just in case. Let us know if you still experience that afterwards in DM. https://t.co/GDrqU22YpT Tweet 4. @AppleSupport actually just checked again I am at 11.1.2. Tweet 5. @130561 Thanks for confirming that. Do you remember which version you were using when you first noticed that the performance was slower than usual? Let's also get your country in case we need to check out additional options. Let us know with a DM. https://t.co/GDrqU22YpT Tweet 6. hey @115858 you know you’re not supposed to slow technology as you update? my iphone is easily 3 times slower thanks to your update 🖕🏼,images\sample_0641_thread_642.jpg,Software,0,Accusation,2,True
376,377,Tweet 1. @123375 Let's get this resolved. Are you still experiencing this issue? Reply in DM to get started. https://t.co/GDrqU22YpT Tweet 2. #iOS11.1 is taking iPhones into consistent boot loops !! It remains for a couple of hours boot looping over and over then it gets back on again. This happened since the betas. I thought it's a bug but even now with the official 11.1 it happened. @AppleSupport @115858 https://t.co/Q5vk9E0I0W,images\sample_0376_thread_377.jpg,Software,0,Accusation,2,True
636,637,"Tweet 1. @130505 Let's see how we can help. Which device are you seeing this on? Also, what is the exact iOS version installed? Tweet 2. @AppleSupport The 7plus and whichever the last iOS 10. I️ haven’t updated to the iOS 11 yet but I’ve heard that doesn’t resolve my issue Tweet 3. @130505 OK, got it. Let's move over to DM so we can look into this a bit further. https://t.co/GDrqU22YpT Tweet 4. @AppleSupport Fix our keyboards, I’m fed up with this ☹️😡 https://t.co/74qzbqOoOi",images\sample_0636_thread_637.jpg,Hardware,1,Accusation,2,True
19,20,"Tweet 1. @116101 Thanks for clarifying. Let's meet in DM so we can do more in-depth on this. https://t.co/GDrqU22YpT Tweet 2. @AppleSupport it has, but not for some time now. i’ve tried with two different apple ids but it’s still not showing up on my phone Tweet 3. @116101 We're happy to help. Has Home Sharing worked with these devices before? Tweet 4. @AppleSupport why is my home sharing not working and how do i fix it",images\sample_0019_thread_20.jpg,Software,0,No Explicit Reproach,0,True
436,437,"Tweet 1. @123680 We're here to help. DM us and tell us the device you have and the exact version of iOS you're running. https://t.co/GDrqU22YpT Tweet 2. @AppleSupport @123680 help me too lol Tweet 3. Everytime I type the letter ""I"" this pops up. #PleaseFixThis @115858 https://t.co/bhB5snCHXr",images\sample_0436_thread_437.jpg,Software,0,Disapproval,1,True
233,234,"Tweet 1. @120223 That is not the experience we want you to have. Let's work as a team to get the iPhone up and running. First, we will need to gather more information. Please DM us the iOS version and what was happening before the device began restarting. https://t.co/GDrqU22YpT Tweet 2. @AppleSupport @115858 My iphone 7 stuck on apple logo and keep rebooting , What can i do to fix it without losing any data !",images\sample_0233_thread_234.jpg,Software,0,No Explicit Reproach,0,True
339,340,Tweet 1. @123069 Send us a DM so we can help. We'd like to get some more information on what happened here. https://t.co/GDrqU22YpT Tweet 2. @115858 shards of glass literally stabbed me when my screen broke. Fuck you apple I phone.,images\sample_0339_thread_340.jpg,Quality,2,Accusation,2,True
367,368,"Tweet 1. @123195 Sure is phishing. Learn more about phishing and suspicious emails, as well as how to report them here: https://t.co/LNMCdqt6fD Tweet 2. @AppleSupport Thanks! Reported! Tweet 3. @AppleSupport It looks like spam, but it bypassed my spam filter. cc: @123196 https://t.co/BORlKFTmWz",images\sample_0367_thread_368.jpg,Software,0,No Explicit Reproach,0,True
46,47,Tweet 1. @116624 We'd like to take a look into that with you. Would you please join us in DM to get started? https://t.co/GDrqU22YpT Tweet 2. @AppleSupport iOS 11.1 - keyboard lag. 🤨 https://t.co/TdIHT9L9dt,images\sample_0046_thread_47.jpg,Hardware,1,No Explicit Reproach,0,True
355,356,"Tweet 1. @123183 Let's work together to figure it out. To start, which exact iOS version do you have installed? Tweet 2. @AppleSupport 11.1 Tweet 3. @123183 Thanks for that information. Does this occur within all applications? Let us know in DM. https://t.co/GDrqU22YpT Tweet 4. Hey @AppleSupport what is this? https://t.co/w5U5vm212P",images\sample_0355_thread_356.jpg,Software,0,No Explicit Reproach,0,True
76,77,"Tweet 1. @117186 We want to help in any way we can. Which iPhone are you using? Let us know in DM, and we’ll work with you there. https://t.co/GDrqU22YpT Tweet 2. @AppleSupport my iPhone is a fully up to date so why does my phone keep freezing 🙃???",images\sample_0076_thread_77.jpg,Software,0,No Explicit Reproach,0,True
562,563,"Tweet 1. @129973 Let's take a closer look. Please reach back out to us via DM and we can go from there. https://t.co/GDrqU22YpT Tweet 2. @AppleSupport I cannot access any os beyond lion v 10.7.5 that my old macbook 2007 has. My new macbook wont start. So not helpful Tweet 3. @129973 Thanks for reaching out. This article explains how to create a bootable installer for Mac OS: https://t.co/jJIPcFiw2j https://t.co/GDrqU22YpT Tweet 4. @AppleSupport need help making a boot USB to reinstall my OS, only have access to a windows pc and an old mac and no cd, any tips",images\sample_0562_thread_563.jpg,Software,0,Disapproval,1,True
254,255,"Tweet 1. @121037 We'd be happy to take a look into this with you. Could you please send us a DM so we can gather some information and get started? https://t.co/GDrqU22YpT Tweet 2. Dear @115858, you’re really rude for ruining the battery life on our phones with that last update.",images\sample_0254_thread_255.jpg,Software,0,Accusation,2,True
497,498,"Tweet 1. @129051 Let's help to get this resolved! Which iOS version do you have installed on your iPhone currently? Tweet 2. @AppleSupport 11.1 Tweet 3. @129051 Great, thanks! Have you tried to restart your iPhone or check to ensure your apps are up-to-date? If not, try that for us. Tweet 4. @AppleSupport Restored and all up to date Tweet 5. @129051 Does this happen immediately after you power on your device or when you open a particular app or feature? Tweet 6. @AppleSupport And then it actually locks with a blank screen Tweet 7. @129051 Thanks! Go ahead and reach out to us in DM and let us know exactly what steps you took to restore the iPhone. https://t.co/GDrqU22YpT Tweet 8. Apps constantly freezing on my 8 Plus today.... anyone else????? @AppleSupport @115858",images\sample_0497_thread_498.jpg,Software,0,Disapproval,1,True
739,740,"Tweet 1. @134524 Let's see what's going on. Which version of iOS is it happening on? Reply in DM to get started. https://t.co/GDrqU22YpT Tweet 2. Battery life is jumping down in 4% steps while streaming music via Apple Music over LTE to Bluetooth headphones 😮 That can‘t ne normal, @AppleSupport? https://t.co/pmlSAQMupI",images\sample_0739_thread_740.jpg,Hardware,1,Blame,3,True
72,73,Tweet 1. @117154 Having access to your Apple ID is important. Did you receive an email with a confirmation of your request? DM us here: https://t.co/GDrqU22YpT Tweet 2. @AppleSupport how long does it take usually for account recovery to get back to you? It’s been about a week now.,images\sample_0072_thread_73.jpg,Service,3,No Explicit Reproach,0,True
315,316,"Tweet 1. @123042 Let's see if updating the iPhone to iOS 11.1 helps. DM us if it doesn't. https://t.co/80YRnjDFDk https://t.co/GDrqU22YpT Tweet 2. @AppleSupport This is self explanatory screen shot of one of example of hanging https://t.co/mrQdCzjqXh Tweet 3. @123042 Great. Let us know which specific iOS version you're running in a DM. https://t.co/GDrqU22YpT Tweet 4. @AppleSupport 6S Tweet 5. @123042 That is certainly not the experience we want you to have. Which iPhone model do you use? Tweet 6. @115858 hi, facing problems of mobile hanging. Moblile gets hanged while having conference call, massaging, etc. become very slow many times",images\sample_0315_thread_316.jpg,Software,0,No Explicit Reproach,0,True
279,280,"Tweet 1. @121852 We'd like to help out. DM us and we'll go from there. https://t.co/GDrqU22YpT Tweet 2. @115858 the glitch problem happens with the letters O, U, and K too 🤔 https://t.co/0LsQuPwc5c",images\sample_0279_thread_280.jpg,Software,0,No Explicit Reproach,0,True
847,848,"Tweet 1. @153204 We'd like to look in to these issues you're experiencing. Do you notice slowness this when you're using certain apps? Has your iPhone been restarted since you first noticed the issue? Tweet 2. @AppleSupport the latest iOS update for iPhone is absolutely unbearable. The phone is extremely slow so are the apps, now it doesn’t even sync with my car properly... I’m getting closer and closer to switching to android.... so sad, had used iPhone for 9 yrs",images\sample_0847_thread_848.jpg,Software,0,Accusation,2,True
94,95,Tweet 1. @117506 Hey there. 70 new Emoji have been released with iOS 11.1. Update to that and let us know how it goes. Tweet 2. @AppleSupport Let me enjoy the 11 first mfs Tweet 3. @115858 wtf y’all got going on with my emojis 😐 I’m seeing boxes and shit,images\sample_0094_thread_95.jpg,Software,0,Disapproval,1,True
894,895,Tweet 1. @153629 We'd love to look into this. We know how important it is to have great battery life. Let's hop in DM and we'll get this sorted together: https://t.co/GDrqU22YpT Tweet 2. #iOS11.1.2! DO NOT Update TO IOS11.1.2. My iPhone 6s was working perfectly until i updated and now my battery is draining like crazy. Now what?! @AppleSupport,images\sample_0894_thread_895.jpg,Software,0,Accusation,2,True
409,410,"Tweet 1. @123515 We'd be happy to look into what's going on. Which device and iOS version are you using? Tweet 2. @AppleSupport I am using Iphone 7 and iOS 11.1 Tweet 3. @123515 DM us your country, and we'll continue working there. https://t.co/GDrqU22YpT Tweet 4. @AppleSupport I thought this update would fix the problem with appstore/itunes payments. I cant open some apps , i cant update any and i cant download any Tweet 5. @123516 Our pleasure! Let us know if you have further questions & we'll be glad to help. Tweet 6. Thanks @AppleSupport, for following up on the camera issue. It is highly appreciated. Hope you will continue to support in the same way.",images\sample_0409_thread_410.jpg,Hardware,1,No Explicit Reproach,0,True
244,245,"Tweet 1. @121027 This is not an expected nor does it sound normal. We can understand your view on this and would like to take a closer look. Can you let us know where this heat seems originate on the Mac? Send us a DM. https://t.co/GDrqU22YpT Tweet 2. @AppleSupport Thank you for the prompt reply. I appreciate it, and have DM'd. Tweet 3. @AppleSupport My MacPro is burning up while in sleep mode. Reliably returning to a computer thats been overheating for hours. Who pays when something burns out on a super expensive machine due to a glitch?! #Apple #MacPro",images\sample_0244_thread_245.jpg,Quality,2,Blame,3,True
785,786,Tweet 1. @135045 We are here to help. Let's start the device into safe mode. Does the issue remain then? DM us the answer. Here are the steps for safe mode: https://t.co/PQ4LSYhUTY https://t.co/GDrqU22YpT Tweet 2. Unable to create user accounts of any level after the OSX fix that has been released to patch the root issue..... (Domain Joined machine) @115858 @AppleSupport #itonlygetsworse https://t.co/ABxDwPNOFu,images\sample_0785_thread_786.jpg,Software,0,Accusation,2,True
426,427,"Tweet 1. @123670 We're more than happy to take a look. DM us with more details, and we'll pick back up there. https://t.co/GDrqU22YpT Tweet 2. @AppleSupport Installed ios11.1 and now my phone doesn’t recognize capital I’s",images\sample_0426_thread_427.jpg,Software,0,Disapproval,1,True
170,171,Tweet 1. @118714 Thanks for reaching out! Please DM your information so we can help with a solution. https://t.co/GDrqU22YpT Tweet 2. @AppleSupport my OTG adapter doesn't work on i8plus ios 11.1,images\sample_0170_thread_171.jpg,Hardware,1,No Explicit Reproach,0,True
236,237,"Tweet 1. @120631 Thanks! We'll want to get your iPhone updated to iOS 11.1.2. Here's how: https://t.co/80YRnjDFDk Tweet 2. @AppleSupport Wasn’t aware that an update mainly for the X would fix battery issues with the 6s. 🤷🏼 Tweet 3. @AppleSupport Version 11.11 (15B150) Tweet 4. @120631 We can help with battery life. Do you know what version of the iOS is on the device? If not, you can check under Settings > General > About > Version. Tweet 5. Now 4%. Wtf @115858 Tweet 6. Just watched my #iphone go from 23% battery to 20, then 13, now 9 all in 10 seconds. On low power mode. Wtf.",images\sample_0236_thread_237.jpg,Quality,2,Disapproval,1,True
583,584,Tweet 1. @130041 We're here for you. You'll want to reach out to our Online Sales Support team here: https://t.co/8yjRd1Xo0i Tweet 2. @AppleSupport could you please tell me how do I reserve an iPhone X at 6am in the morning online? As I went into 2 branches in Manchester and was told to reserve one from online. Thank you,images\sample_0583_thread_584.jpg,Service,3,Blame,3,True
32,33,Tweet 1. @116341 Thanks for reaching out. DM which Bluetooth device you are trying to connect to so we can help. https://t.co/GDrqU22YpT Tweet 2. @AppleSupport still no reliable Bluetooth on my iPhone 8+.,images\sample_0032_thread_33.jpg,Quality,2,Disapproval,1,True
408,409,"Tweet 1. @123513 Since our Twitter support is available in English, get help at https://t.co/IBIY3vMgPj or join https://t.co/pvaOFfPbjt Tweet 2. Alguém sentiu um consumo maior com o novo IOS ou a @AppleSupport está de sacanagem comigo??? Tweet 3. @123514 We'd be happy to look into what's going on with that award not showing up. To start, can you tell us which device you're using? Tweet 4. @AppleSupport Thanks for getting back to me. 38mm Watch S2 and iPhone SE both have the latest updates. Tweet 5. @123514 Got it. Send us a DM with the country you're currently located in, and we'll continue from there. https://t.co/GDrqU22YpT Tweet 6. Hey @115858 where’s my October Challenge award? Challenged to burn 42813 cals & I worked my butt off to burn 43081 but no badge.",images\sample_0408_thread_409.jpg,Service,3,Disapproval,1,True
665,666,Tweet 1. @132839 We can help out with your iPhone 7 performance on iOS 11. Do you know what version of the iOS is on the device? Tweet 2. @AppleSupport I attached a image with the IOS version Tweet 3. @132839 Thanks for that. Let us know in DM any steps you’ve taken with your iPhone 7 to continue. https://t.co/GDrqU22YpT Tweet 4. @AppleSupport https://t.co/8HHnWvefY1 Tweet 5. @115858 why does my iPhone 7 ever since it updated constantly freeze and have issues with all my apps #intentionallyslowingmyiphone,images\sample_0665_thread_666.jpg,Software,0,Blame,3,True
327,328,"Tweet 1. @123055 We'd like to look into this with you. We recently released iOS 11.1, is this the update your referring to? Tweet 2. @AppleSupport I didn’t know there was this new new update. DLed it and it fixed all the issues I had. Thank you Tweet 3. @115858 the latest update is very glitchy! Did you do away with the double tap home button to bring the screen down for the PLUS? #notworking",images\sample_0327_thread_328.jpg,Software,0,Blame,3,True
639,640,"Tweet 1. @130508 Hi. It's designed for use on the same network, but does have a remote feature, as explained here: https://t.co/wDmm2ezyrq Tweet 2. @AppleSupport Will Apple Remote Desktop allow me to connect to something on a different network? 2/2 thanks for any help Tweet 3. @AppleSupport I have a Mac at home that I would like to access a Mac in work with. 1/2",images\sample_0639_thread_640.jpg,Software,0,No Explicit Reproach,0,True
592,593,"Tweet 1. @130246 Let's get your iPhone charging again. Which model is it and does it have iOS 11.1 installed? Any steps tried? Tweet 2. @AppleSupport Its an iphone 7 running IOS 11.1. I have tried the hard reset. Tweet 3. @130246 Got it. Do you get an error messages when you try to use your charger on your phone? Let us know in DM. https://t.co/GDrqU22YpT Tweet 4. @AppleSupport I also have to charge it all day b/c battery doesn't last past 3pm. This phone is less than a year old. Update seems to kill battery. Tweet 5. New iphone update; none of my charging cables work. I'm at school & phone is about to die. Hey @115858, @122609 is looking like my next move",images\sample_0592_thread_593.jpg,Hardware,1,Blame,3,True
797,798,"Tweet 1. @117460 Hey there! We appreciate you reaching out to us about the issue you're seeing with Maps! We'd like to look into this further. Since support options vary by location, DM us which country you're in and we'll get started. https://t.co/GDrqU22YpT Tweet 2. @AppleSupport @115858 - iOS 11.1.2 stock apple map apparently has a bug. It will not delete any searched locations. https://t.co/2QAp5K4c9o",images\sample_0797_thread_798.jpg,Software,0,Disapproval,1,True
707,708,Tweet 1. @134150 Thanks for reaching out to us. We are always happy to help. We have an article that may help. You can find it here: https://t.co/s6tdVStcb2 Let us know if you have any questions. https://t.co/GDrqU22YpT Tweet 2. @AppleSupport I need help with an encrypted backup on my computer! 🙏🙏🙏🙏,images\sample_0707_thread_708.jpg,Software,0,Disapproval,1,True
89,90,"Tweet 1. @117500 Let us help. Does this happen while using any specific app? Also, which version of iOS are you currently running? Tweet 2. @115858 needs to figure it’s shit out. My phone won’t stop freezing & closing apps 🙄😡",images\sample_0089_thread_90.jpg,Software,0,Disapproval,1,True
729,730,Tweet 1. @134514 Hi there. We’ve recently released an update which addresses this issue. Don’t forget to create a backup of your device before you update: https://t.co/xXaXeeSRt9 Tweet 2. @AppleSupport when are y’all going to fix this whole I️ situation,images\sample_0729_thread_730.jpg,Software,0,Accusation,2,True
262,263,Tweet 1. @121464 We'd be happy to look into why your iPhone turned off and showed that symbol when it still had battery. Which iPhone and iOS version are you using? You can go to Settings > General > About > Version to find the version. Tweet 2. my phone died and the little connect charger sign came up and when i got it turned back on it said my battery was half full that’s so cute @115858,images\sample_0262_thread_263.jpg,Software,0,No Explicit Reproach,0,True
853,854,Tweet 1. @153210 We're here to assist. We take your account security very seriously. We would recommend to reach out to our Account Security team to sort this out. You can reach them at: https://t.co/7BdLB8OA2U They have all the tools in order to get this resolved. Thank you! Tweet 2. @AppleSupport thank you! Tweet 3. @153210 You're so very welcome. Have a great day. Tweet 4. re my apple id - I've completed the process that took over a month on your end and it still won't let me recover my id - instead it's sending the password to the iPhone which I have reported as stolen over a year ago. Obviously problematic. Help? @AppleSupport,images\sample_0853_thread_854.jpg,Service,3,Accusation,2,True
884,885,"Tweet 1. @153619 We're happy to hear it seems to be resolved now after the restart. Be sure to let us know if you need any further help. Tweet 2. I was half asleep and accidentally made an emergency call (I was trying to stop an alarm...). After hanging up, the screen keeps displaying “Notification Canceled”. No response to input. I can’t restart iPhone X right now. Can switch apps using Siri. Pls help! @AppleSupport https://t.co/NShP7Mrpiq",images\sample_0884_thread_885.jpg,Software,0,Blame,3,True
717,718,Tweet 1. @134160 Hi there. We can definitely look into this with you. Are you seeing this character when you're typing on your iPhone or are you seeing it in messages or social media posts? Tweet 2. @AppleSupport why am I still seeing this for the I character. I’ve updated my phone to last iOS software. Fix it y’all. https://t.co/ap5rsvht7M,images\sample_0717_thread_718.jpg,Software,0,Blame,3,True
586,587,Tweet 1. @130044 Congrats on your new iPhone X! We'd like to help with any questions you might help. Let us know in DM if you see Game Center as an option in the Settings app. https://t.co/GDrqU22YpT Tweet 2. @AppleSupport just got the iPhone 10 where game central app gone cart seem 2 find it?,images\sample_0586_thread_587.jpg,Quality,2,Blame,3,True
225,226,"Tweet 1. @119810 We're happy to help you out here. Let's meet up in DM, and we can work together. Please let us now a few more details about the issue as well as the type of Mac and your current country as our options are a little different around the globe. https://t.co/GDrqU22YpT Tweet 2. So you spend over one thousand pounds on a new #Apple laptop, it breaks, goes in for a two week repair and then comes out... BROKEN AGAIN. I can’t even get through to customer service now. #rippedoff @AppleSupport @115858",images\sample_0225_thread_226.jpg,Quality,2,Blame,3,True
885,886,"Tweet 1. @153620 Screen issues on your iPad are never fun, but we can help get this sorted for you. Let's pair up in DM to get a closer look. https://t.co/GDrqU22YpT Tweet 2. Lol look @AppleSupport https://t.co/RggSZH4i9S",images\sample_0885_thread_886.jpg,Software,0,Accusation,2,True
849,850,"Tweet 1. @153206 We understand how inconvenient that can be. Let's work on this together. Tell us which app you're using and the iOS your iPhone is using. To find your iOS, go to Settings > General > About. Tweet 2. @AppleSupport I’m using an iPhone X on 11.2 PB Tweet 3. @153206 OK. DM us and we can take a closer look there. https://t.co/GDrqU22YpT Tweet 4. @AppleSupport wth. You literally don’t know how to find anything or instead search for stuff that is in a completely different state. Why?????? #everytime https://t.co/ydycSzhoPN",images\sample_0849_thread_850.jpg,Software,0,Accusation,2,True
314,315,Tweet 1. @123041 Are these contacts on the iCloud website? Check here from a computer and let us know: https://t.co/tmRhWEkIq4 Tweet 2. My iPhone just signed itself out of iCloud and I lost all of my synced contacts when I tried to sign back in. @AppleSupport,images\sample_0314_thread_315.jpg,Software,0,No Explicit Reproach,0,True
699,700,Tweet 1. @134142 Thanks for reaching out to us. We are always happy to help. Send us a DM so we can look into this issue with you there. https://t.co/GDrqU22YpT Tweet 2. Hey @AppleSupport I updated my phone and now it won’t stop turning off and on for the last two hours so thanks for that,images\sample_0699_thread_700.jpg,Software,0,Accusation,2,True
556,557,Tweet 1. @129791 We can help! Which version of iOS are you currently running? You can check in Settings > General > About > Version Tweet 2. @AppleSupport 11.0.3 Tweet 3. @129791 Thanks! We'd like to look into this with you and get things back on track. Send us a DM to get started. https://t.co/GDrqU22YpT Tweet 4. @AppleSupport why does my lock screen when playing music freeze and not let me skip or go back or anything?,images\sample_0556_thread_557.jpg,Software,0,Blame,3,True
817,818,Tweet 1. @152732 We'd like to investigate further with you. Send us a DM and we can look into this from there. https://t.co/GDrqU22YpT Tweet 2. @AppleSupport Travelled to but a new MacBook. Home to find only half charger in box. Where is quality control? If I take the wrapper off the machine & use my old charger with a USB-C adapter am I invalidating my warranty? Best to return whole boxed machine?,images\sample_0817_thread_818.jpg,Packaging,5,Accusation,2,True
17,18,Tweet 1. @116099 We're here to help. Which exact iOS version is your device running? This info can be found under Settings > General > About. Tweet 2. iOS 11 is killing my battery @115858. Fix it.,images\sample_0017_thread_18.jpg,Software,0,Disapproval,1,True
815,816,"Tweet 1. @152730 We're happy to look into this with you. Please send us a DM and let us know which device you're using. https://t.co/GDrqU22YpT Tweet 2. I cannot get thru a single project without either Photoshop or iMovie crashing at some point. @115858, can you please get your shit together?",images\sample_0815_thread_816.jpg,Software,0,Accusation,2,True
433,434,Tweet 1. @123676 Thanks for reaching out. DM which iPhone and specific iOS version you are using to get started. https://t.co/GDrqU22YpT Tweet 2. For those that have been wondering. @AppleSupport why are y’all punishing us for using pronouns!? https://t.co/rwpj6LqUce,images\sample_0433_thread_434.jpg,Software,0,Accusation,2,True
746,747,"Tweet 1. @134532 Thanks for reaching out. We'd be happy to look into options available for you. Would you please join us in DM to continue? https://t.co/GDrqU22YpT Tweet 2. @115858 last night, my new MacBook could not detect the SSD after fail to install new OS. what should I do to back up data for new MacBook 12""?",images\sample_0746_thread_747.jpg,Hardware,1,Disapproval,1,True
309,310,"Tweet 1. @123036 We'd like to help. Are you able to log into https://t.co/9bUADNIlYp successfully? Let us know in DM. https://t.co/GDrqU22YpT Tweet 2. @AppleSupport Why can't I log into my icloud on my Iphone 7 plus? My phone updated, logged me out of everything and won't take new pw.",images\sample_0309_thread_310.jpg,Software,0,No Explicit Reproach,0,True
450,451,Tweet 1. @123695 Hi. We'd like to help. DM us and tell us the exact version of iOS you're running on your device. https://t.co/GDrqU22YpT Tweet 2. @AppleSupport DM’ed you Tweet 3. This new @115858 update sucks! I’m not getting any texts in group chats and it’s terribly slow!,images\sample_0450_thread_451.jpg,Software,0,Blame,3,True
499,500,"Tweet 1. @129204 Let’s see what’s going on. Let us know in DM when this started happening. https://t.co/GDrqU22YpT Tweet 2. Dear @AppleSupport if y’all don’t fix my phone from doing this crazy stuff I️ need a new one. Sincerely , a fed up Apple customer.",images\sample_0499_thread_500.jpg,Software,0,Accusation,2,True
351,352,"Tweet 1. @123179 We're happy to assist. Which iOS 11 version are you currently running? Go to Settings > General > About for the version. Tweet 2. Dear @115858, what you've done to my iPhone 6 w/ IOS 11 should be a crime. Thanks 4 updating 2 useless. Makes me want 2 cancel my X pre-order",images\sample_0351_thread_352.jpg,Software,0,Accusation,2,True
912,913,"Tweet 1. @154039 We want to make sure your experience with your new iPhone goes well. What's happening when you try to use the automatic setup on your iPhone and when you update it? Tweet 2. amazed at design that goes into unpacking and setting up your new iPhone until the auto connect to old phone didn't work and the iOS update won't verify. Nice work @115858, top software as always...",images\sample_0912_thread_913.jpg,Software,0,Blame,3,True
513,514,"Tweet 1. @129235 We want you to enjoy your new iPhone X. We know how important your iPhone's performance is and we'd like to help. To start, DM us with the exact iOS version and country where you're located. You can find the iOS version by going to Settings > General > About. https://t.co/GDrqU22YpT Tweet 2. Love how my $1200 @115858 iPhone X constantly freezes when using apps like YouTube and Apple Music. Wtf",images\sample_0513_thread_514.jpg,Software,0,Blame,3,True
748,749,"Tweet 1. @134534 We'd be happy to look into this with you more in detail. Please reach out to us via DM and we'll get started. https://t.co/GDrqU22YpT Tweet 2. @115858, both my gf and I have MacBook pros, iPads, iPhones, sort out the Apple lighting headphones or I never buy Apple again!",images\sample_0748_thread_749.jpg,Hardware,1,Accusation,2,True
515,516,Tweet 1. @129383 We can definitely look into this with you. Which device are you using? DM us and let us know. https://t.co/GDrqU22YpT Tweet 2. @115858 you gave us this new iOS but now every time we write “I️” we get the letter A with a question mark?????? Wtf is this shit,images\sample_0515_thread_516.jpg,Software,0,Blame,3,True
476,477,"Tweet 1. @128907 We want to look into this with you. DM us and we'll continue there. https://t.co/GDrqU22YpT Tweet 2. @115858 @AppleSupport how do I get my keyboard to STOP auto correcting the letter ""I️"" to a symbol. See attached photo. https://t.co/SpXE0xFHvi",images\sample_0476_thread_477.jpg,Software,0,Blame,3,True
434,435,"Tweet 1. @123677 If you're still having troubles, be sure to follow up with our team that helps with GarageBand here:https://t.co/IBIY3vMgPj Tweet 2. @AppleSupport @123678 @AppleSupport oh dear @123678 still not co-oping with iCloud in ios11.1 really really poor show. #garageband Tweet 3. @AppleSupport oh dear @123678 still not co-oping with iCloud in ios11.1 really really poor show.",images\sample_0434_thread_435.jpg,Software,0,Blame,3,True
564,565,Tweet 1. @129975 We'd be happy to help. We've recently released iOS 11.1. Make sure you have a backup before updating. Tweet 2. Hey @115858 your software update version 11.0.3 sucks. The update to the podcast and music apps suck. There’s all sorts of lag and randomness,images\sample_0564_thread_565.jpg,Software,0,Accusation,2,True
341,342,"Tweet 1. @123166 Let's look into this together. DM us the device you're experiencing this on, and we'll get started. https://t.co/GDrqU22YpT Tweet 2. @AppleSupport No thanks. I’ll just get a google phone. Tweet 3. @115858 1+2+3=23?? On iOS 11!!! You know it sucks. Fix it or you’re going down as a company.",images\sample_0341_thread_342.jpg,Quality,2,Disapproval,1,True
744,745,Tweet 1. @134530 We’d be glad to help take a closer look at your contacts. We’d like to start by gathering some more information so we can determine where to get started. Are these contacts saved in iCloud or another account on your iPhone? Let us know in DM and we’ll start there. https://t.co/GDrqU22YpT Tweet 2. @AppleSupport I had them saved on my Computer and all was restored but why do they all disappear? Tweet 3. @134530 We’re glad you’ve been able to restore your contacts. We’d need to investigate the situation more to be able to pinpoint the source of the issue. Have you made any recent changes to your iPhone? Let us know in DM. https://t.co/GDrqU22YpT Tweet 4. Hey @AppleSupport @115858 why did I play soccer and come back to every contact in my phone deleted? 2nd time that’s happened. #whatgives,images\sample_0744_thread_745.jpg,Software,0,Blame,3,True
789,790,"Tweet 1. @135049 We'd want to get you connected with Apple TV support for help. They can be reached here: https://t.co/IBIY3vMgPj Tweet 2. @AppleSupport Hi, there are problems with tvOS 11.2 betas. Apps don't connect to services that uses https. I tested it and For example: 1. Connection to https://t.co/7V1MMp5xt2 doesn't work 2. https://t.co/Xe7nmKrPQS works More https://t.co/NyTCz6mJGf Could you check it, please?",images\sample_0789_thread_790.jpg,Software,0,Disapproval,1,True
282,283,"Tweet 1. @122014 We can understand not wanting the incoming emails to push through. We'll get to the root cause of this, and find you the information you need. In order to do so, we have some questions for you. Please meet us in DM with your current iOS and we'll go from there. https://t.co/GDrqU22YpT Tweet 2. @AppleSupport all of a sudden I am getting emails pushed via apple mail- I’ve had them set as fetch for a long time. Can’t find where to change back to fetch. The only change I have made is software update. HALP! I don’t want all these to push.",images\sample_0282_thread_283.jpg,Software,0,No Explicit Reproach,0,True
261,262,"Tweet 1. @121463 You're in the right place for help! To guide us through troubleshooting steps, may we have the device and iOS version you're having this issue with? Tweet 2. @AppleSupport Latest Tweet 3. @121463 Let's take a closer look into this issue within a DM. Select the following link to join us there to continue. https://t.co/GDrqU22YpT Tweet 4. @AppleSupport why does it keep changing to I.T?",images\sample_0261_thread_262.jpg,Software,0,No Explicit Reproach,0,True
790,791,"Tweet 1. @135050 We'd like to hear more about this so we can help determine the best way to get this addressed on your iPhone X. Can you provide us more details, perhaps an example of what you are experiencing with the camera settings. Also, let us know your iOS version in DM. https://t.co/GDrqU22YpT Tweet 2. @AppleSupport Done. Waiting on a reply... Tweet 3. @152197 @115913 We absolutely don't want to see you go, Nicolas. We have amazing BOGO deals going on right now on iPhone's: https://t.co/38Et9rf5Dp DM us anytime to chat further: https://t.co/cuEwtd2epS *DanKing Tweet 4. @115913 Great! I'm switching my fam. out of #TMobile so that I can buy 📱 on Apple upgrade program which is not possible with you because Apple's and Tmobile servers can't communicate. Tweet 5. @152198 Thanks for sending that over. Please DM us your NikePlus email along with what device, OS and NRC app version you're currently running. https://t.co/dsJjx1OYXB Tweet 6. @NikeSupport @9167 @AppleSupport can you help figure out why I didn't earn the Turkey Trot achievement yesterday? Tweet 7. @152198 Hi! If you've completed the achievement, it can take up to 9 days to receive it. More info here: https://t.co/xwf6lrIgzJ Tweet 8. @AppleSupport Thank you. I usually notice my achievements immediately. I didn't know it can take up to 9 days. #FitnessMotivation Tweet 9. @AppleSupport I still don't have my Turkey Trot achievement. My 5k was registered on my @129913 app. Any suggestions. #FitnessMotivation #BeHealthy Tweet 10. @NikeSupport https://t.co/hFXAGsL87X Tweet 11. @152198 Mind if we step in? Can you send us a screenshot of the run? Tweet 12. @9167 I did 5k Turkey Trot yesterday on my @129913 and didn’t get the turkey “achievement” in my activity app. What did I do wrong? #FitnessMotivation #fitfam",images\sample_0790_thread_791.jpg,Service,3,Disapproval,1,True
172,173,"Tweet 1. @118716 We're glad you're excited about the emojis! Let us help with iMessage. What's going on? Tweet 2. @AppleSupport It gets stuck sideways and it will go up to previous messages and not show me the latest until I close the app and reopen. Tweet 3. @118716 Got it. Which device are you experiencing this on? Let us know in DM, and we'll go from there. https://t.co/GDrqU22YpT Tweet 4. Annnnnnd @115858 releases the best update yet!!!!! 70 new emojis!?! Fuck yes. But fix my iMessage first. Kthanks.",images\sample_0172_thread_173.jpg,Software,0,Disapproval,1,True
332,333,Tweet 1. @123060 We've received your DM. Please look for a reply from us there. Tweet 2. Why do my tweets have hashtags and square question marks? I’m updated to the latest iOS 11.1 @115858 fix me. #apple https://t.co/XzauijV1pG,images\sample_0332_thread_333.jpg,Software,0,No Explicit Reproach,0,True
805,806,Tweet 1. @152261 We know how important it is to have your phone work optimally. We want to help. What version of iOS do you have on this device? Tweet 2. @AppleSupport This and it’s awful. Help 😩😩 https://t.co/fDYzsmY4r3 Tweet 3. @152261 DM us which iOS device you are using and we can take a look at this. https://t.co/GDrqU22YpT Tweet 4. @115858 my phone is so slow after updating wtf!? Unbearable to use 😩😩😩😩,images\sample_0805_thread_806.jpg,Software,0,Accusation,2,True
441,442,"Tweet 1. @123686 We'd like to help out with this. Join us in DM so that we can gather more details about your device. https://t.co/GDrqU22YpT Tweet 2. @AppleSupport How can I go back to the previous ios version? This one sucks for real... still keeps being stuck 😫🤢 Tweet 3. @123686 Going back to a previous iOS version is not possible. What we can do is perform steps that can help us overcome these challenges. Rest assured we'll do our best to help. Send us a Direct Mesage to continue. https://t.co/GDrqU22YpT Tweet 4. @AppleSupport iPhone 7 and I updated to the newest ios but the phone started crashing and the screen freezing, also powering off Tweet 5. @123686 We'd love to help. Which iPhone model are you using? DM the answer below. https://t.co/GDrqU22YpT Tweet 6. @AppleSupport what the hell is wrong with ur new update?? My phone keeps getting stuck and powering off (unresponsive). Get ur shit together",images\sample_0441_thread_442.jpg,Software,0,Accusation,2,True
377,378,"Tweet 1. @123376 We'd like to hear more about this complaint. DM us with more details at the link below please. https://t.co/GDrqU22YpT Tweet 2. @AppleSupport (Saurabh at Singapore, kindly get in touch with your team to brief what you said, they are coming up with new stories #macbook Tweet 3. @123377 We'd like to look into this with you. Please click here to connect with us in DM. We'll continue there. https://t.co/GDrqU22YpT Tweet 4. @115858 @AppleSupport Congrats. IOS 11.1 is making my iPhone 6 even more glitchy and prone to freezing than it was before. #WTF",images\sample_0377_thread_378.jpg,Software,0,Accusation,2,True
549,550,Tweet 1. @129786 We offer support via Twitter in English. Get help in Spanish here: https://t.co/IBIY3vMgPj or join https://t.co/OczyRx7IOs Tweet 2. @AppleSupport Whatever. Tweet 3. .@AppleSupport tenés ganas de devolverme la batería que tenía antes de actualizar mi celular? 👎🏼#LaCagaste #ActualizameEsta,images\sample_0549_thread_550.jpg,Software,0,Blame,3,True
97,98,"Tweet 1. @117509 Thanks for reaching out to let us know about this. So we can look into this with you, please DM us here: https://t.co/GDrqU22YpT Tweet 2. @AppleSupport since upgrade to High Sierra I see this screen each time my iMac reboots thus defeating automatic login I need. Help. https://t.co/z9trEHnGbP",images\sample_0097_thread_98.jpg,Software,0,No Explicit Reproach,0,True
438,439,"Tweet 1. @123683 DM the country or region where you are currently located to continue. https://t.co/GDrqU22YpT Tweet 2. @AppleSupport Yes, I able to :) Tweet 3. @123683 Are you able to connect when using Wi-Fi? Are you able to make and take calls? Tweet 4. @AppleSupport If I open Safari, for example, a message appears which says that there is no internet connection. Tweet 5. @123683 We can help you. Could you tell us what happens when you try to connect to the Internet? Do you get an error message? Tweet 6. @AppleSupport Hi! Although I have full coverage, even with LTE, on my iPhone, I can’t connect to the internet. Can you help me?",images\sample_0438_thread_439.jpg,Quality,2,Disapproval,1,True
886,887,"Tweet 1. @153621 We want you to be able to download apps with no issues. Meet us in DM and tell us the exact version of iOS you're running, and which country you're in, and we'll take a look at what's going on. https://t.co/GDrqU22YpT Tweet 2. @AppleSupport my phone isn’t downloading any apps that I haven’t already downloaded before, like it’ll get to the process where it starts to but it never does",images\sample_0886_thread_887.jpg,Software,0,Blame,3,True
29,30,"Tweet 1. @116338 We're here to help out! Which device is this on and which version of iOS is currently installed? Tweet 2. @AppleSupport iPhone 7+, iOS 11.1 Tweet 3. @116338 Thank you very much! Send us a DM to let us know if your speaker doesn't work on calls, or if other apps are affected as well. https://t.co/GDrqU22YpT Tweet 4. And why is my music NEVER in my control center?! @AppleSupport",images\sample_0029_thread_30.jpg,Software,0,Disapproval,1,True
435,436,"Tweet 1. @123679 We're here to help. To start, what device model and software version are you currently using? Tweet 2. @AppleSupport @115858 guys, I miss Steve. What the hell is this? https://t.co/Tv5HmkrUrb",images\sample_0435_thread_436.jpg,Software,0,Disapproval,1,True
359,360,Tweet 1. @123187 We'd be happy to see how we can help. Which device and iOS version are you using? Tweet 2. @115858 fix this freaking update and make it stop turning my I’s into I️ Tweet 3. Stayed home so I️ could study for the exam I️ have tomorrow.... I️ took a bath and read a book instead 🤷🏼,images\sample_0359_thread_360.jpg,Software,0,Accusation,2,True
48,49,Tweet 1. @116854 Let's investigate this together. Does this only occur when using specific apps or website? Tweet 2. @AppleSupport I can’t say for sure. It started with iOS 11. Only does it when I have to enter credit card info. Not sure if it’s every site. Tweet 3. Come on @AppleSupport #ios11.1 Same bug as before. Numbers disappear when entering info. Video below. #iosproblems https://t.co/eKirAn2Mam,images\sample_0048_thread_49.jpg,Software,0,Disapproval,1,True
568,569,"Tweet 1. @129979 Thanks for reaching out. DM which iPhone and specific iOS version you are using to get started. https://t.co/GDrqU22YpT Tweet 2. What dafugg is wrong with my phone, Everytime i️ type the letter “I️” 😡.. @115858",images\sample_0568_thread_569.jpg,Software,0,Blame,3,True
437,438,"Tweet 1. @123682 There's an update to 11.1 now, let's go ahead and do that now: https://t.co/80YRnjDFDk Tweet 2. @AppleSupport My battery life is a drama for me I work and it turns to 100% yo 80% in five minutes (ios11.0.3) 😫😫😫 Help plz 😰",images\sample_0437_thread_438.jpg,Hardware,1,Disapproval,1,True
691,692,"Tweet 1. @134134 Hey there! It's important to have balanced sound, so we'd love to help and recommend that you reach out to our Garage Band experts directly so they can guide you to find this option. Click here to get started: https://t.co/IBIY3vMgPj Tweet 2. Garageband and Premier having different things that I can’t do on the other give me a headache @115858 you’re a top corporation in technology and your Garbageband can’t do a simple fill left with right and right with left I can’t balance the headphones what the hell",images\sample_0691_thread_692.jpg,Hardware,1,Blame,3,True
231,232,"Tweet 1. @120215 Thank you for reaching out to us. We'd be happy to try everything possible to provide the best support options. First, let's work as a team as we gather more information. DM us if you noticed any changes before the screen went black. What iOS is the device running? https://t.co/GDrqU22YpT Tweet 2. @AppleSupport the screen had green lines on one side and then stopped working altogether. Afraid I can't remember the OS, I expect it was in the latest OS when it broke about 8 weeks ago if hat helps? Tweet 3. @120215 Indeed that is very helpful. We'd like to gather more information from you. Please click on the link to continue this conversation in DM. https://t.co/GDrqU22YpT Tweet 4. @AppleSupport the screen on our iPad Pro has stopped working 😔. I've read a few articles about weak screens on some models - is there anywhere I can check the model number, or will it be a £400 repair bill? Thanks",images\sample_0231_thread_232.jpg,Service,3,No Explicit Reproach,0,True
553,554,"Tweet 1. @129790 We're here to help. Just to confirm, are you seeing this from your iTunes Library? Tweet 2. @AppleSupport yes this was when i looked on my music on my phone bc the album won’t go on it even tho i have a lot of space Tweet 3. @129790 Thank you for that description. Check out this article regarding managing content on your iPhone: https://t.co/MaEpwkTXRn https://t.co/GDrqU22YpT Tweet 4. @AppleSupport help what does this mean https://t.co/I8uNBcSW7B",images\sample_0553_thread_554.jpg,Software,0,Blame,3,True
693,694,"Tweet 1. @134136 We want you to be able to enjoy your music, and we'll do all we can to help. To get started, what happens when you enable iCloud Music Library? And are you an Apple Music member? Tweet 2. @AppleSupport Yup. Am a member. Normally make updates on iTunes on the comp, listen on-the-go on my phone. The iCloud Lib on/off button turns on and then back to off once I leave Settings. Since yest morning. Haven’t made any setting/other changes. Normal operation Tweet 3. @134136 Can you tell us which iOS version you are currently using please? Tweet 4. @AppleSupport 11.1.2 on an SE. Like i said, no deviations off daily usage. Everything’s as is. Realised it wasn’t updating when I added music last night (which I do almost every night) Tweet 5. @134136 Okay. Join us in DM so we can better assist you: https://t.co/GDrqU22YpT Tweet 6. cc: @AppleSupport Tweet 7. What’s with #iCloud Music Library sync? Feature ain’t even turning on -_-“ https://t.co/Ls7at1DhEK",images\sample_0693_thread_694.jpg,Software,0,Blame,3,True
690,691,Tweet 1. @134133 Congratulations on your iPhone X. Night Shift is a great feature we all use. We'd recommend checking out this article to learn how to activate this feature with your new device: https://t.co/NBE76DOiEM Tweet 2. @AppleSupport is Night Shift intentionally not a control center button on iPhone X?,images\sample_0690_thread_691.jpg,Software,0,Accusation,2,True
493,494,"Tweet 1. @129045 We'd like to help get the keyboard working right. Which iPhone model and iOS version do you have? Tweet 2. @AppleSupport 7 Plus, iOS 11 Tweet 3. @129045 Thanks for that information. DM us the exact iOS version the iPhone is running. We'll meet you there. https://t.co/GDrqU22YpT Tweet 4. @AppleSupport Same with the 6s. All prior to 11.1. There's always a ? with a box around it within autocomplete. Sometimes it sends the ? sometimes not. https://t.co/6wUrSODh3L Tweet 5. @129046 We'd be happy to look into this issue with you. Send us a DM, and we'll continue there. https://t.co/GDrqU22YpT Tweet 6. @AppleSupport @129046 help me pls. Tweet 7. @AppleSupport @129046 I have been ignored!!! I thought you’re here to support Tweet 8. @115858 What’s the problem with this stuff happened on the phone. 👉🏾 I️ can’t type a straight sentence",images\sample_0493_thread_494.jpg,Software,0,Blame,3,True
763,764,"Tweet 1. @134550 We'd like to look into this with you. Please DM us the macOS version installed and details of when this issue occurs. Are only certain apps in use? https://t.co/GDrqU22YpT Tweet 2. How did #Apple get this so wrong, 40K for an 27inch 5K retina iMac that does this on a 100mb photoshop file. @5057 @115858 my 8 year old 17inch iMac works better. https://t.co/a20G7k9x0I",images\sample_0763_thread_764.jpg,Hardware,1,Accusation,2,True
555,556,Tweet 1. @121480 Awesome! Let us know if you need help in the future. Tweet 2. @AppleSupport Working now Tweet 3. @121480 It looks like it is currently available: https://t.co/7NVrDovSd8 Are you having issues accessing it? DM us if so. https://t.co/GDrqU22YpT Tweet 4. Hey @AppleSupport Is the @118936 down?,images\sample_0555_thread_556.jpg,Software,0,No Explicit Reproach,0,True
120,121,"Tweet 1. @117960 Hi, we'll be happy to help. To start, let's give the troubleshooting steps in this article a try: https://t.co/r1DRfaFLIU Tweet 2. @AppleSupport after I upgraded my iPhone to iOS 11.0.3, the back camera and the flash stopped working. Could you do something?",images\sample_0120_thread_121.jpg,Software,0,No Explicit Reproach,0,True
317,318,Tweet 1. @123044 We'd like to help. Could you Direct Message us so we can get more information? https://t.co/GDrqU22YpT Tweet 2. #iOS11 keeps deleting apps!! For fucks sake @115858 sort your shit!,images\sample_0317_thread_318.jpg,Software,0,Blame,3,True
667,668,"Tweet 1. @133756 OK, thanks for the update. Feel free to reach out again if you need any future assistance. Tweet 2. @AppleSupport I talked to Apple support on the phone. Thank you tho Tweet 3. @133756 Hi there. Are you able to sign in to the iOS App Store from your device without issue? Please DM details, we'll meet you there to help. https://t.co/GDrqU22YpT Tweet 4. Dear @AppleSupport I’ve tried to enter my password a few times now and it keeps kicking back to my iPhone. This is really aggravating https://t.co/OynUUzWA0t",images\sample_0667_thread_668.jpg,Software,0,Blame,3,True
629,630,Tweet 1. @130498 We're here for you. Which version of the iOS are you running? Check by tapping Settings > General > About. Tweet 2. @AppleSupport iOS 11.1 Tweet 3. @130498 Thanks! Which iOS device are you using? Tweet 4. @AppleSupport iPhone 7 Plus Tweet 5. @130498 We wanted to provide this link with special attention to the ‘Use Night Shift’ section: https://t.co/it24SqZD78 Tweet 6. @AppleSupport how can I add Night Mode to the control center in the new iOS?,images\sample_0629_thread_630.jpg,Software,0,No Explicit Reproach,0,True
861,862,"Tweet 1. @153219 Thank you for tweeting us, we understand the concern when receiving communication like this. We have some great resources where you can learn how to spot and report phishing, check this out: https://t.co/LNMCdqt6fD Tweet 2. @AppleSupport I believe I have an email that is a scam. Where can I send this to be looked at?",images\sample_0861_thread_862.jpg,Software,0,No Explicit Reproach,0,True
837,838,Tweet 1. @153195 We're happy to help with the issues you're experiencing. Please let us know in DM which device you're using and a bit more about what happens. https://t.co/GDrqU22YpT Tweet 2. I’m tired of this bitch turning off and freezing all the fucking time. Wtf @115858,images\sample_0837_thread_838.jpg,Software,0,Accusation,2,True
524,525,Tweet 1. @129394 We've received your DM as well. We're on our way there to begin assisting. Please await our response. https://t.co/GDrqU22YpT Tweet 2. @AppleSupport why can’t I️ say I️ when I️ text.,images\sample_0524_thread_525.jpg,Software,0,Blame,3,True
12,13,Tweet 1. @115869 We're here to help. Meet us in DM and we can check on available options. https://t.co/GDrqU22YpT Tweet 2. Hey @115858! Last time I downloaded an update my freaking phone gave me hell. Any recommendations?,images\sample_0012_thread_13.jpg,Software,0,Disapproval,1,True
462,463,"Tweet 1. @128699 We'd like to help. In DM, please let us know the software version being used on the paired iPhone. https://t.co/GDrqU22YpT Tweet 2. @applesupport trying to launch Radio on Watch, it says to sign into iTunes in Watch app on phone. No such sign in exists. Help? https://t.co/D5UE51I832",images\sample_0462_thread_463.jpg,Software,0,Disapproval,1,True
481,482,Tweet 1. @128912 We want to help. Can you tell us which iOS 11 version you have? Tweet 2. This stupid IOS 11 update is making my phone super slow... @115858 please get it together 😒🙄,images\sample_0481_thread_482.jpg,Software,0,Accusation,2,True
507,508,"Tweet 1. @129212 Great question, let's look into this together. To begin, what country are you located in? Tweet 2. @AppleSupport u.s. Tweet 3. @129212 Great. System Status is not reporting any App Store issues: https://t.co/7NVrDovSd8 DM us which device you're using. https://t.co/GDrqU22YpT Tweet 4. @AppleSupport why is the app store not working smh",images\sample_0507_thread_508.jpg,Software,0,Disapproval,1,True
150,151,Tweet 1. @118360 You've come to the right place. May we ask when you started to notice the situation? Tweet 2. @AppleSupport a couple of days ago. it’s been happening on a few of my friends’ phones as well. Tweet 3. @118360 Thank you for that info. Is this happening with all the apps or only a select few? https://t.co/GDrqU22YpT Tweet 4. @AppleSupport It’s happening in all my apps. I’m thinking there’s a problem with the keyboard. Tweet 5. @118360 Thank you for confirming that. Let's discuss this further in DM. https://t.co/GDrqU22YpT Tweet 6. @AppleSupport @118360 Saturday. Tweet 7. what’s up with the letter “i” man? pls fix. i’m annoyed. @115858 @AppleSupport,images\sample_0150_thread_151.jpg,Software,0,Disapproval,1,True
363,364,"Tweet 1. @123191 Tell us more about what's happening. Please send us a DM with additional details. https://t.co/GDrqU22YpT Tweet 2. @AppleSupport what’s going on with this issue??? Tweet 3. So can we talk about how the letter *eye* is messing up on iPhones lol when *eye* type the letter *eye*, *eye* get this......",images\sample_0363_thread_364.jpg,Software,0,Disapproval,1,True
590,591,Tweet 1. @130048 Apple Care does not cover stolen devices. Here's more information. https://t.co/Ds0oKsCgkE Tweet 2. @AppleSupport does apple care cover stolen iPhone?,images\sample_0590_thread_591.jpg,Service,3,No Explicit Reproach,0,True
9,10,Tweet 1. @115865 We offer support via Twitter in English. Get help in Spanish here: https://t.co/IBIY3vMgPj or join https://t.co/OczyRx7IOs Tweet 2. Hola @AppleSupport necesito urgente la actualización de software. La batería me dura literal medio día 🙍🏼🙇🏼 Tweet 3. @115866 We want to help! DM us and let us know more about the issues you are having. https://t.co/GDrqU22YpT Tweet 4. @AppleSupport Hi! What is going on? Has Youtube lost it? What can be done about it? Thanks for the support! https://t.co/T8ZZp4IH6t,images\sample_0009_thread_10.jpg,Software,0,Disapproval,1,True
527,528,Tweet 1. @129396 Thanks for tagging us so we can see the issue you are having. We'd love to help! Which device and iOS version are you using? Tweet 2. @AppleSupport @129396 Is your phone updated Tweet 3. @129397 @AppleSupport Yea Tweet 4. @129396 Send us a DM & we'll continue there. https://t.co/GDrqU22YpT Tweet 5. @AppleSupport ANSWER MEEEEE IM FED UP LOL Tweet 6. WHY DOES IT PUT THIS DUMB ASS I️ QUESTION MARK WHEN I️ PUT THE LETTER “I”,images\sample_0527_thread_528.jpg,Software,0,Blame,3,True
607,608,Tweet 1. @130262 We would be glad to take a look at this for you. Reach out to us in DM. https://t.co/GDrqU22YpT Tweet 2. @AppleSupport any way to check the overall battery health of my iphone?,images\sample_0607_thread_608.jpg,Quality,2,No Explicit Reproach,0,True
154,155,"Tweet 1. @118366 We can help! What keyboards do you have added? Is this issue only occurring in messages, or in other applications as well? Tweet 2. @AppleSupport The only keyboard I️ have is whatever my iPhone came with. It’s occurring in everything: messages, social media, emailing ect. Tweet 3. @118366 We'd like to take a closer look. Send us a DM and we can start there. https://t.co/GDrqU22YpT Tweet 4. @115858 why does my uppercase letter “I️” look so weird. Fix it please",images\sample_0154_thread_155.jpg,Software,0,Disapproval,1,True
232,233,"Tweet 1. @120221 Thanks for the photo, and for reaching out to us. We'll do all we can to get your Apple Watch up and running for you. We'd like a few details from you in order to assist. Please meet us in DM so we may ask some isolation questions, and resolve your issue. https://t.co/GDrqU22YpT Tweet 2. @AppleSupport my Apple Watch has been like this for 2 days any suggestions. Also tried to do a reboot but to no avail. https://t.co/06IgjQuApq Tweet 3. @120222 We can look into what's happening with the flash on your iPhone. How long have you been seeing this? Does a restart help? Which version of iOS are you using? You can check that in Settings > General > About. Let us know in DM and we'll work from there. https://t.co/GDrqU22YpT Tweet 4. What should I do ? 🤕 my iPhone's temp feels normal though @AppleSupport https://t.co/vaqLSGj1q7",images\sample_0232_thread_233.jpg,Hardware,1,No Explicit Reproach,0,True
34,35,"Tweet 1. @116343 Hey, we can provide some guidance. Let's meet in DM and we'll go from there. https://t.co/GDrqU22YpT Tweet 2. @AppleSupport do you have any apps for epilepsy so I can detect my seizures thanks in advance",images\sample_0034_thread_35.jpg,Software,0,No Explicit Reproach,0,True
131,132,"Tweet 1. @118099 We'd like to help. Let's take this to DM and we'll explore ways to provide you assistance. https://t.co/GDrqU22YpT Tweet 2. @AppleSupport my watch has been saying I’ve been averaging 57 minutes, now today it’s 52, I checked and did the math it’s 57... what the??? https://t.co/kQWakgjXJ5",images\sample_0131_thread_132.jpg,Software,0,Disapproval,1,True
398,399,Tweet 1. @123501 We want to help get your iPhone working properly. Which exact iOS version and iPhone are you using? Tweet 2. @115858 @AppleSupport @1456 his new ios 11.0 I have to restart my phone at least four times a day because it is blocked by everything,images\sample_0398_thread_399.jpg,Software,0,Blame,3,True
207,208,"Tweet 1. @119216 We’ve got your back. Let us know if the steps in this article help with your iPhone: https://t.co/8MvHMFZ83h Tweet 2. @AppleSupport Still same thing smh Tweet 3. @119216 Thank you for testing out those steps. Send us a DM telling us the iPhone you have, and what happened before you restarted it. https://t.co/GDrqU22YpT Tweet 4. @AppleSupport my phone was acting up. I then restarted it and now all it does is stay on the apple logo when I turn it on. Wtf Tweet 5. @117235 We'd like to help. Let's take this to DM and we'll explore ways to provide you assistance. https://t.co/GDrqU22YpT Tweet 6. @AppleSupport I’ve tried to do the upgrade program online and can’t. t-mobile as a carrier and no apple store closer then 3hours away. Help",images\sample_0207_thread_208.jpg,Service,3,No Explicit Reproach,0,True
494,495,Tweet 1. @129048 We can help out. Could you Direct Message us and let us know what iOS version that device is on? https://t.co/GDrqU22YpT Tweet 2. I️ I I️ wtf is this @115858,images\sample_0494_thread_495.jpg,Software,0,Blame,3,True
809,810,Tweet 1. @152725 We certainly don't like to hear that. Can you DM us with some details about your issue? We will go from there. https://t.co/GDrqU22YpT Tweet 2. @AppleSupport Thank you for response - have DMd you Tweet 3. RIP #iPhone X - and only three days old. On FB Messenger only for now. 😐 HELP @115858 @O2 !,images\sample_0809_thread_810.jpg,Software,0,Disapproval,1,True
468,469,"Tweet 1. @128899 Thanks for reaching out! Take a look at the steps here under ""If you need help updating"": https://t.co/s6t9pl6tpv Tweet 2. @AppleSupport I’m trying to download WatchOS 4.1, but it’s frozen on “Estimating time remaining”. nothing’s happening. what do I do?",images\sample_0468_thread_469.jpg,Software,0,Disapproval,1,True
366,367,Tweet 1. @123194 Thanks for bringing this to our attention. Click here to connect with us in DM. We'll pick up there: https://t.co/GDrqU22YpT Tweet 2. So it’s not only my shit doing this right ?? https://t.co/76Mx0oKC60,images\sample_0366_thread_367.jpg,Software,0,Disapproval,1,True
287,288,"Tweet 1. @122925 Let's look in to this issue together. Which iOS version is installed? You can find that from Settings > General > About. Tweet 2. @AppleSupport 11.1 Tweet 3. @122925 Perfect, thanks. Let's go to Settings> Reset> Reset keyboard dictionary to remove any unwanted corrections. Then restart. Tweet 4. @AppleSupport That worked. Thank you. Tweet 5. @122925 You're very welcome. Please let us know if there's anything else we can do for you. Tweet 6. @AppleSupport It’s still happening Tweet 7. @122925 Let's continue to work together on this issue. Send us a DM. https://t.co/GDrqU22YpT Tweet 8. @AppleSupport the I️ keeps autocorrecting to a strange symbol",images\sample_0287_thread_288.jpg,Software,0,No Explicit Reproach,0,True
328,329,Tweet 1. @123056 This is the expected behavior for notifications. Take a look at this: https://t.co/2txgOv5s2M Tweet 2. @AppleSupport That’s dumb as hell. Why isn’t there an X to close them out all the time? And not have to wait until an X to appear? Bring the X back! Tweet 3. @123056 We can help get you to the right place to make your suggestion. Provide your feedback here: https://t.co/eTPVYVFyd8 Tweet 4. Is it just me or does the X to close out your notifications only show up sometimes? Does anyone know how to fix that? @AppleSupport https://t.co/qtY6wnrl19,images\sample_0328_thread_329.jpg,Software,0,No Explicit Reproach,0,True
473,474,Tweet 1. @128904 Hi. We're here for you. DM us and tell us which device you're having issues with. https://t.co/GDrqU22YpT Tweet 2. Doubting if I’m still a fan of @115858 without realizing it updated something and don’t have any access to my photo’s...,images\sample_0473_thread_474.jpg,Software,0,Accusation,2,True
33,34,"Tweet 1. @116342 We'd like to help. What is going on with the app? Tweet 2. @AppleSupport When you roll the month, it does not appear and hangs Tweet 3. @116342 We'd like to take a closer look at this. DM us and we'll go from there. https://t.co/GDrqU22YpT Tweet 4. @115858 when will the bug in the calendar app be fixed? I upgraded to iOS 11.1 and it still crashes when iOS 11.03",images\sample_0033_thread_34.jpg,Software,0,Disapproval,1,True
799,800,"Tweet 1. @152255 That's a great question, and the answer is yes. You can get the full Apple warranty details here: https://t.co/JkDd3a6A1y Tweet 2. @AppleSupport Thank you 😊 Tweet 3. @152255 You're welcome. Let us know if you have any further questions. We're here to help. Tweet 4. @AppleSupport Is this the case with all iphones or some specific models only? Tweet 5. @152255 It comes with a One Year limited warranty. You can read more here: https://t.co/DdDM6TezVe Tweet 6. @AppleSupport I wanted to know if an iPhone 8 plus bought in USA will have a valid warranty in India?",images\sample_0799_thread_800.jpg,Service,3,No Explicit Reproach,0,True
881,882,"Tweet 1. @153616 iOS 11.1.2 was recently released and it includes a fix for autocorrect issues. Be sure to back up your device prior to updating, and let us know if the issue persists afterwards. How to back up: https://t.co/4f8hwT5to6 Tweet 2. All I want for Christmas is for @115858 to fix this ——> I️",images\sample_0881_thread_882.jpg,Software,0,Disapproval,1,True
595,596,"Tweet 1. @130249 Let's help get this sorted and the keyboard working. To start, are you currently running iOS 11.1? Tweet 2. @AppleSupport Yes Tweet 3. @130249 OK, thanks. So that we can explore the best options for your region, DM us the country you’re messaging us from. https://t.co/GDrqU22YpT Tweet 4. Updated my phone & my I️s are still showing as squares...what’s good @115858",images\sample_0595_thread_596.jpg,Software,0,Blame,3,True
395,396,Tweet 1. @123498 Let's look into your options together. Let us know in DM a bit more about what you're wanting to do. https://t.co/GDrqU22YpT Tweet 2. @AppleSupport Is there any possibility to combine two Apple-IDs?,images\sample_0395_thread_396.jpg,Software,0,No Explicit Reproach,0,True
316,317,Tweet 1. @123043 Let’s work together to get your apps downloading again. Are you downloading updates or new apps? Any messages when downloading? Tweet 2. @AppleSupport Both downloading updates and new apps. No messages shown when I’m downloading. Tweet 3. @123043 Excellent information. Please send us a DM telling us which iPhone you have and the iOS version it's currently running. https://t.co/GDrqU22YpT Tweet 4. @AppleSupport I can’t download apps from the app store.,images\sample_0316_thread_317.jpg,Software,0,No Explicit Reproach,0,True
472,473,"Tweet 1. @128903 We offer support via Twitter in English. Get help in Spanish here: https://t.co/IBIY3vMgPj or join https://t.co/OczyRx7IOs Tweet 2. Iphone 6, ios 11.1, bateria igual, dira muy poco @AppleSupport",images\sample_0472_thread_473.jpg,Software,0,Blame,3,True
525,526,Tweet 1. @125610 Please reach out to us via DM and we can go from there. https://t.co/GDrqU22YpT Tweet 2. @AppleSupport yes. i have finished the recovery process but i can't access either of the devices i was logged into beforehand to get the verification code Tweet 3. @125610 Did you request recovery for your account?,images\sample_0525_thread_526.jpg,Service,3,No Explicit Reproach,0,True
281,282,Tweet 1. @121981 That feature isn’t a part of iOS 11. We always enjoy hearing feedback. Please submit yours here: https://t.co/oWzjJxkvlC Tweet 2. @AppleSupport Oh it’s back ! Tweet 3. @AppleSupport force touch for app multitask gone in iOS11 ?,images\sample_0281_thread_282.jpg,Hardware,1,No Explicit Reproach,0,True
403,404,Tweet 1. @123508 We'd be happy to look into this with you. Please reach out to us via DM and we'll get started. https://t.co/GDrqU22YpT Tweet 2. @AppleSupport This will stay at this time throughout the whole song so I have no idea how long is left https://t.co/GO0UL7STCz Tweet 3. @AppleSupport How can you release something with so many bugs?! Was it even tested? Tweet 4. @123508 Keeping your software up to date is one of the most important things you can do to maintain your Apple product's security. Tweet 5. @AppleSupport is there a way I can uninstall iOS 11 and go back to 10?,images\sample_0403_thread_404.jpg,Software,0,Disapproval,1,True
203,204,Tweet 1. @119053 We'd love to help you fix the freezing. This article has steps to fix it: https://t.co/8MvHMFZ83h Tweet 2. The amount of times my phone has froze since the newest update is ridiculous. @115858 get your shit together.,images\sample_0203_thread_204.jpg,Software,0,Disapproval,1,True
683,684,"Tweet 1. @134126 We can help out. Was this purchased through the Apple Online Store? Tweet 2. @AppleSupport what's wrong with you guys, I ordered 7 plus gold, and got 7 jet black. How can you beso irresponsible.",images\sample_0683_thread_684.jpg,Software,0,Accusation,2,True
218,219,Tweet 1. @119411 Thanks for bringing this to our attention. We'd like to look into this further. Please click here to join us in DM: https://t.co/GDrqU22YpT Tweet 2. @AppleSupport hi all. @115948 and settings apps keep crashing on iOS 11.1.2. See attached video. Is this a known issue? https://t.co/bjiEsXG7uG,images\sample_0218_thread_219.jpg,Software,0,No Explicit Reproach,0,True
483,484,"Tweet 1. @129004 We're glad to help. Replacement iPhones will be unlocked if the original device was purchased as a SIM-free unlocked device. For further information, please DM us and let us know what's going on with your device. We'd love to help in any way we can. https://t.co/GDrqU22YpT Tweet 2. If I go to @115858 and get a replacement phone will it be unlocked and free to use with any carrier?",images\sample_0483_thread_484.jpg,Software,0,No Explicit Reproach,0,True
554,555,Tweet 1. @123990 DM the country or region where you are located to continue. https://t.co/GDrqU22YpT Tweet 2. I️ updated my phone and this shit still not working ! @AppleSupport,images\sample_0554_thread_555.jpg,Software,0,Accusation,2,True
447,448,"Tweet 1. @123692 We're here for you. Send us a DM, and we'll take a closer look at updating your macOS. https://t.co/GDrqU22YpT Tweet 2. @AppleSupport Thanks for the prompt reply. Scary error, seemingly unrelated to the actual issue: I think a bit of Disk Utility love will get me there. Tweet 3. @123692 OK. Feel free to send us a DM if you still have questions. Tweet 4. Yay for the rock solid @115858 update process. Such upgrade, much Sierra. WTF is with firmware verification errors on a working MacBook Pro? https://t.co/GKCY32Z8Ob",images\sample_0447_thread_448.jpg,Software,0,Accusation,2,True
374,375,Tweet 1. @123373 We understand wanting to get this resolved. Get in touch with our Developer support here: https://t.co/MN29maiV1D Tweet 2. @AppleSupport Got it solved by deleting cache files/killing procs etc. There is obvs. an ongoing issue with app store+xcode - please fix FFS! Tweet 3. @115858 appstore giving me grief AGAIN trying to update xcode been at '0 bytes of 5G - less than a minute' for hours now.,images\sample_0374_thread_375.jpg,Software,0,Disapproval,1,True
512,513,"Tweet 1. @129234 We're here to help. We know how convenient it is to have a second monitor. Have you done any steps to try to resolve this issue? Go ahead and DM us and let us know what type of cable you are using to connect both monitors. https://t.co/GDrqU22YpT Tweet 2. @AppleSupport Hey, I just updated my Late 2012 Mac Mini to High Sierra and now my second monitor doesn't work (only a black screen that will show my cursor) need help fixing this ASAP! Thanks in advance.",images\sample_0512_thread_513.jpg,Hardware,1,Blame,3,True
777,778,"Tweet 1. @135037 We want to hear more about the issues you are running into on your Mac. Please, meet up with us in DM and let us know more specifically what's going on, to get started. https://t.co/GDrqU22YpT Tweet 2. This morning @AppleSupport has gone from zero security to my Mac being unable to do anything without asking for passwords over and over #Apple #Security",images\sample_0777_thread_778.jpg,Software,0,Blame,3,True
890,891,"Tweet 1. @153625 Thanks for reaching out to us, we can help you with your battery issue. What iPhone model are you using and which iOS version is it running? How to find the iOS version: https://t.co/ZTw54HL4Rm Tweet 2. @AppleSupport The newest iOS for iPhone 5s Tweet 3. @153625 Thank you. Can you please send us a DM? We'll communicate there: https://t.co/GDrqU22YpT Tweet 4. @115858 why is my phone dying at 14% battery and then stopping from 13 to 7 in a matter of seconds? If I don’t get any answer to this I’m switching to android cause this is getting annoying. And now 1% just from starting this tweet. Nice job",images\sample_0890_thread_891.jpg,Hardware,1,Accusation,2,True
294,295,"Tweet 1. @122934 Thank you for reaching out to us. For help with this, please contact our Apple TV experts here: https://t.co/IBIY3vMgPj Tweet 2. @AppleSupport can you tell me why my Apple tv4 with screen saver set to never update will suddenly have new a “video” in the aerial views?",images\sample_0294_thread_295.jpg,Software,0,No Explicit Reproach,0,True
704,705,"Tweet 1. @134147 That's unexpected, but we'd be happy to help. Let's move over to DM. Let us know which iOS version you currently have installed. You can check in Settings > General > About. https://t.co/GDrqU22YpT Tweet 2. @AppleSupport since I’ve updated to the IOS 11 my battery has been draining to quickly I’ve only been using it for 15 mins& it’s drained",images\sample_0704_thread_705.jpg,Software,0,Blame,3,True
774,775,"Tweet 1. @135034 Hey, can you tell us some more details on what's going on? Which confirmation message you are referring to? Let us know in DM and we'll do our best to help you. https://t.co/GDrqU22YpT Tweet 2. tell me when will you send your god damn confirmation message. ı cant use my blasted phone. would you like help me ? @AppleSupport",images\sample_0774_thread_775.jpg,Service,3,Accusation,2,True
848,849,"Tweet 1. @153205 Hey there, great job trying out other sim cards to isolate the problem. Were the other sims for your same carrier? Let's try some of the steps in this article like restarting your iPhone and checking for a carrier settings update: https://t.co/5KootZbxj1 Tweet 2. @AppleSupport my iPhone 7 Plus is constantly saying no service and has since around lunch time, my SIM card works in other phones but when I put other sims in my phone it still says no service so is obviously my phone and not my sim, what can I do?",images\sample_0848_thread_849.jpg,Service,3,Accusation,2,True
560,561,Tweet 1. @129796 We'd be happy to help. Are there any apps open in your Dock? Apps like PhotoBooth or FaceTime may be causing this. Tweet 2. @AppleSupport something is using my MBP webcam right now and I have no idea what. WTF do I do to see what’s using it & turn it off?!,images\sample_0560_thread_561.jpg,Software,0,Disapproval,1,True
284,285,"Tweet 1. @122018 Thanks so much for letting us know. Since it's been isolated to a Wi-Fi issue, we want to rule out Wi-Fi connection settings and software on the device itself. Please meet with us in DM so we can continue to work together. https://t.co/GDrqU22YpT Tweet 2. @AppleSupport Yes i am able to update them using cellular data. And yes i update all of them at once Tweet 3. @122018 We understand how important it is to keep your apps up to date. So we're clear, are you trying to update all or one at a time? Are you able to update using cellular data? Tweet 4. @AppleSupport I am using iOs 11.1.2 in my iphone 6s.. as soon as put the apps in update, they get pending to get updated and later on failureof update notice pops up Tweet 5. @122018 Thanks for reaching out to us about this issue. We want your device to work for you and we'll be happy to help out. To get started, can you tell us which device and OS version you're having this problem with? Also, what happens when you try to update? Tweet 6. Unable to update apps when connected to WiFi. @AppleSupport Tweet 7. @122019 We want to do all we can to get your iMessage working on your new iPhone 8. Please let us know in DM, what iOS software is currently installed on the device, along with the exact error message you're seeing. We'll be happy to help from there. https://t.co/GDrqU22YpT Tweet 8. @AppleSupport Latest version of iOS. It says a error occurred during activation. Turned phone off and on. Nothing. New phone just set it this evening Tweet 9. @122019 We received your DM and have responded there. Tweet 10. @AppleSupport please tell why my new iPhone 8 keeps telling me that iMessage is waiting for activation",images\sample_0284_thread_285.jpg,Software,0,No Explicit Reproach,0,True
594,595,"Tweet 1. @130248 We completely understand wanting to have good battery life. How long is the battery lasting on a full charge after the update? Tweet 2. @AppleSupport On a full charge 30% less but more like half when it’s not full.... Tweet 3. @AppleSupport 30% less than before the update. I was totally happy with the battery before this. Tweet 4. @130248 Apologies for the confusion. We meant how long in hours would it last on a full charge. Tweet 5. @AppleSupport 7 hours now it lasts for 4 ish Tweet 6. @130248 Check out these great tips on maintaining battery health, and DM us if you have any questions: https://t.co/bivpdfBNJ6 https://t.co/GDrqU22YpT Tweet 7. @AppleSupport I’ve downloaded the new iPhone update and my battery lasts half as long. What’s going on?!?",images\sample_0594_thread_595.jpg,Software,0,Blame,3,True
637,638,Tweet 1. @130506 We've received your DM and well be happy to continue working with you there. Look for a reply from us shortly. Tweet 2. When is @AppleSupport fixing this issue where the letter “eye” stops changing to I️ on all apps?,images\sample_0637_thread_638.jpg,Software,0,Blame,3,True
276,277,Tweet 1. @121849 Here’s what you can do to work around the issue until it’s fixed in a future software update: https://t.co/xXaXeeSRt9 Tweet 2. @115858 what is wrong with my keyboard like? Lol I️,images\sample_0276_thread_277.jpg,Software,0,No Explicit Reproach,0,True
453,454,Tweet 1. @128690 We want to help. Let's meet up in DM and discuss it. https://t.co/GDrqU22YpT Tweet 2. @AppleSupport @128690 It goes down in the DMs Tweet 3. Hey @115858 if you don’t fix this stupid autocorrect problem. I’m going to go ballistic. Tweet 4. I️ constantly forget what FTW and TBH mean. So I️ make up my own meanings.,images\sample_0453_thread_454.jpg,Software,0,Blame,3,True
782,783,Tweet 1. @135042 We'd be happy to look into this with you more in detail. Please reach out to us via DM and we'll get started. https://t.co/GDrqU22YpT Tweet 2. @AppleSupport just noticed i have photos on my phone from 1st Jan 1970! Whats that all about??? https://t.co/KLtnkHtK5V,images\sample_0782_thread_783.jpg,Software,0,Accusation,2,True
537,538,Tweet 1. @129593 Thanks for reaching out. Awards can take up to 9 days to show up. Here is more information: https://t.co/xwf6lrIgzJ Tweet 2. @AppleSupport Thank you! Tweet 3. @129593 You are very welcome. Tweet 4. @AppleSupport Any idea why I didn’t get my October badge? Normally it’s right away. https://t.co/JbExZejOS0,images\sample_0537_thread_538.jpg,Service,3,Disapproval,1,True
897,898,"Tweet 1. @154024 Great battery life is important to get through your day. What kind of changes are you seeing in battery life on your iPhone? Did this start immediately after you updated? Tweet 2. @AppleSupport Hi yes I am noticing this issue within 24 hours of updating my iPhone. If I open one webpage through Facebook or twitter, I start feeling the heat. Battery life has cut to half. Tweet 3. @154024 Thanks for that info. Let's take things to DM from here for our next steps. https://t.co/GDrqU22YpT Tweet 4. @AppleSupport: the latest update is already causing iPhone 7 heat up and drain the charge in no time.",images\sample_0897_thread_898.jpg,Software,0,Accusation,2,True
378,379,"Tweet 1. @123378 Let's team up on this. Send us a DM with more information, and we'll continue from there. https://t.co/GDrqU22YpT Tweet 2. @123379 @115858 I got the new iPhone 8 Plus and since the 11.3 update, it will NOT auto-lock after 30 seconds as I’ve set! Killing my GD battery!! Tweet 3. Did anyone do the update @115858 and now your phone is having charging issues? Phones not even a year old. Driving me crazy Tweet 4. @123380 We're happy to assist. Which iOS 11 version are you currently running? Go to Settings > General > About for the version. Tweet 5. @AppleSupport The latest one. Tweet 6. @123380 We want to look into this further with you. Can you send us a DM and let us know the device model you're using? https://t.co/GDrqU22YpT Tweet 7. @AppleSupport What’s the point I’ve done this last time you did a diagnostics with my battery and did nothing Tweet 8. @AppleSupport Please fix your Siri on iOS 11 cuts out mid sentence it’s very annoying and it eats the battery like there’s no tomorrow!!!!",images\sample_0378_thread_379.jpg,Software,0,Disapproval,1,True
118,119,"Tweet 1. @117958 Let's look into this keyboard issue for you. Send us a DM with your current iOS version to get started. https://t.co/GDrqU22YpT Tweet 2. Ok, @ATT and @115858 figure your collective shit out. The error when attempting to type “I am” & getting weird ASCII characters is stoopid.",images\sample_0118_thread_119.jpg,Software,0,Disapproval,1,True
551,552,"Tweet 1. @129788 We're here to help. Let's take this to DM so we can better assist you. https://t.co/GDrqU22YpT Tweet 2. Dear @115858 , I’m tired of not being to press send on my quick replies because the keyboard covers it! #IOS11 #PleaseFixIt https://t.co/T2NfcZIPNj",images\sample_0551_thread_552.jpg,Hardware,1,Blame,3,True
195,196,Tweet 1. @119045 Thank you for reaching out to us. Let's take a look at this in DM. https://t.co/GDrqU22YpT Tweet 2. Can I un-update my phone so it can stop freezing up and I can stop having to reset it 10 times a day? 🙃@AppleSupport,images\sample_0195_thread_196.jpg,Software,0,Disapproval,1,True
239,240,Tweet 1. @121002 Let's get your Voicemail working as expected. Please tell us about what's going on in DM. https://t.co/GDrqU22YpT Tweet 2. AND the voice mail app is buggy AF @115858!!!!!!!,images\sample_0239_thread_240.jpg,Software,0,Disapproval,1,True
645,646,Tweet 1. @130909 Thanks for reaching out to us. We are always happy to help. Send us a DM so we can look into this issue with you there. https://t.co/GDrqU22YpT Tweet 2. @AppleSupport Please help. My mom's iPhone 6s Plus' battery drains so fast even without using it. It happened after she updated to iOS 11.1.2.,images\sample_0645_thread_646.jpg,Software,0,Blame,3,True
521,522,"Tweet 1. @129390 Thanks for reaching out to us about your battery. Does this also occur when you're not on VPN? Please DM us. https://t.co/GDrqU22YpT Tweet 2. @AppleSupport This. Is. Not. Normal. (Been like this since 11.0. On 11.1 now.) Known issue? iPhone 7, BTW. https://t.co/U50CWLIh9d",images\sample_0521_thread_522.jpg,Software,0,Blame,3,True
393,394,"Tweet 1. @123494 We've got your back. Have you recently seen a prompt for a carrier settings update? If not, lets check: https://t.co/PZZtxS6sbQ Tweet 2. @AppleSupport Nope, no updates so far. I’ve never checked for carrier update this frequent since I used an iPhone. Tweet 3. @AppleSupport I managed to get LTE last night, spent some time until the connection was fast. Thought the issue solved by itself, but it happened again. Tweet 4. @123494 Got it. Let's go ahead and meet in DM and we'll continue this from there. https://t.co/GDrqU22YpT Tweet 5. @2154 @AppleSupport Tweet 6. iOS 11.1 update still can’t solve LTE connectivity issue. When I switch LTE off, I can get 3G. https://t.co/h1U8aYns42",images\sample_0393_thread_394.jpg,Software,0,Disapproval,1,True
623,624,Tweet 1. @130490 We're here for you. Please DM us the version of iOS you're using and we can go from there together. https://t.co/GDrqU22YpT Tweet 2. hey @115858 get ur shit together so i can type “i” without this stupid problem https://t.co/43iHbkJK6K,images\sample_0623_thread_624.jpg,Software,0,Accusation,2,True
442,443,"Tweet 1. @123687 We want to help get your iPhone working properly. Which exact iOS version and iPhone are you using? Tweet 2. @AppleSupport iPhone 8, iOS 11 Tweet 3. @123687 Thanks. Please take look under Settings > General > About and let us know the exact iOS version. Tweet 4. @AppleSupport https://t.co/yvu10fymce Tweet 5. @123687 Thank you. Please check to see if you have an update available under Settings > General > Software Update. Tweet 6. @AppleSupport WHY will my phone not stop locking itself when I’m in the middle of doing things???",images\sample_0442_thread_443.jpg,Quality,2,Blame,3,True
275,276,Tweet 1. @121848 Here’s what you can do to work around the issue until it’s fixed in a future software update: https://t.co/xXaXeeSRt9 Tweet 2. Today would be a good day for @115858 to fix the “i” bug... I️,images\sample_0275_thread_276.jpg,Software,0,Blame,3,True
300,301,"Tweet 1. @122940 iOS 11.1 has just been released. Let's try updating to that and we'll see how things are. Here's how: https://t.co/80YRnjDFDk Tweet 2. @AppleSupport Ok,I’ll give it a try Tweet 3. @122940 We look forward to getting an update from you in the near future. Tweet 4. @AppleSupport Update to latest version,did the restart thing but still no vibrate at all when notifications coming Tweet 5. @122940 Let's look into this some more. Send us a DM and let us know anything else you have tried as well as the country you're in. https://t.co/GDrqU22YpT Tweet 6. @AppleSupport Ok 👌🏻 Tweet 7. Hi @AppleSupport my iPhone vibration not working after update iOS 11.0.3,mine is iPhone 6S",images\sample_0300_thread_301.jpg,Software,0,No Explicit Reproach,0,True
100,101,Tweet 1. @117641 We are here for you. Let's take a look at this further for you. Reach out to us in DM. https://t.co/GDrqU22YpT Tweet 2. @AppleSupport It’s showing it’s connected and the battery is decreasing. Tweet 3. @117641 We want to make sure you can charge and enjoy your new phone. Is it not showing as connected to power when plugged in? Tweet 4. I got my phone yesterday and it’s already not charging thanks @115858 🙃,images\sample_0100_thread_101.jpg,Quality,2,Disapproval,1,True
242,243,"Tweet 1. @121005 We'll be happy to assist. Are you getting any errors when you try to open the Mac App Store? Tweet 2. @AppleSupport No error messages show up. The app will not open from the dock, applications folder, or any other location. Tweet 3. @121005 When did you start to see this happening? Have you tried safe mode yet? If not here's how: https://t.co/PQ4LSYhUTY Tweet 4. @AppleSupport This started a few months ago. I tried safe mode and had no success Tweet 5. @121005 Let's dig further in via DM to see what we can figure out. Are you able to access iTunes and the iTunes store fully? https://t.co/GDrqU22YpT Tweet 6. @AppleSupport help!! My Mac App Store will not open so I cannot update my 2015 MacBook Pro currently running on OS X Yosemite 10.10.3",images\sample_0242_thread_243.jpg,Software,0,No Explicit Reproach,0,True
424,425,"Tweet 1. @123668 That should not be happening. Let us help. DM us more details about this. https://t.co/GDrqU22YpT Tweet 2. @AppleSupport why is the new update savaging my battery please, 100% to 1% in the space of an hour, get ya shit together",images\sample_0424_thread_425.jpg,Software,0,Blame,3,True
619,620,"Tweet 1. @130486 We're happy to help. We've received your DM, and will continue there. Look for a reply shortly. Tweet 2. @AppleSupport need you to check your DM’s. 😩😩😩",images\sample_0619_thread_620.jpg,Software,0,Blame,3,True
889,890,"Tweet 1. @153624 We’d love to help with the performance of your iPhone. To start, please send us a DM confirming which iPhone and software version you’re using. You can tap Settings > General > About to locate the software version. https://t.co/GDrqU22YpT Tweet 2. @115858 @AppleSupport sort your operating system out! Fed up of screen freezing and now music just stopping playing 😡😡#apple #rubbish #upgrade #freezingphone #iphone",images\sample_0889_thread_890.jpg,Software,0,Accusation,2,True
718,719,"Tweet 1. @134161 We’ll want to be sure to follow the steps listed here for restore error 9: https://t.co/lMMVPdjGNN Let us know if you’re still having issues after completing the steps. Tweet 2. @AppleSupport @AppleSupport still having issues. I took it to an iShop and it won’t restore either Tweet 3. @134161 DM us your country and we'll look into all your options together. https://t.co/GDrqU22YpT Tweet 4. @AppleSupport @AppleSupport to unlock my iPhone, it happened every time. Sorry I took so long to answer, had to buy a new one 😕. The old one says Error 9 when trying to restore. Is there a solution? Tweet 5. My Iphone is completely UNUSABLE after last iOS uptdate, it crashes after turning it on and inserting password @AppleSupport HELP!!!!!!!!!!!!!!!!!!!!",images\sample_0718_thread_719.jpg,Software,0,Blame,3,True
405,406,Tweet 1. @123510 Thanks for reaching out. DM which iPhone and specific iOS version you are using to get started. https://t.co/GDrqU22YpT Tweet 2. Ffs @115858 Ever since I did the update my I phone everyting is moving slow like a man on ketamine Sort it out will ya,images\sample_0405_thread_406.jpg,Software,0,Blame,3,True
533,534,"Tweet 1. @129497 That's not the type of experience that we want you to go through. Please DM us which exact iOS version your device is currently running and we'll go from there. You can locate the version under Settings > General > About. https://t.co/GDrqU22YpT Tweet 2. This is getting worse - WTF?! You expect a phone for over £500 to work and since your update the screen doesn't work, it keeps jumping all over the place and my battery dies within 3 hours iOS 11 is crap Im serious thinking of chucking this and buying an android ph. @applesupport",images\sample_0533_thread_534.jpg,Software,0,Blame,3,True
247,248,"Tweet 1. @121030 Thanks for reaching out. We'd like to know more to help. Are you referring to the Podcast app, Music or a different app? Let us know and we'll take it from there. Tweet 2. @AppleSupport Apple Music. Tweet 3. @121030 To be sure we provide accurate information, can you tell us which device you're using? Tweet 4. @AppleSupport sent you a dm. Thanks Tweet 5. @AppleSupport I am using an iPhone 6, latest iOS version. Tweet 6. Dear @115948 @AppleSupport what happened to ‘Play Next’?",images\sample_0247_thread_248.jpg,Software,0,No Explicit Reproach,0,True
485,486,Tweet 1. @129038 What's going on with the keyboard? Please send us a DM so we can help you find a resolution. https://t.co/GDrqU22YpT Tweet 2. @115858 @AppleSupport can y’all fix the keyboard or what why?,images\sample_0485_thread_486.jpg,Hardware,1,Accusation,2,True
54,55,Tweet 1. @116860 We want to make sure you have a working battery. Have you had a chance to update to the latest 11.1? Tweet 2. @AppleSupport @116860 I have and my battery life has become even worse Tweet 3. @116861 Let's look into this further in DM. https://t.co/GDrqU22YpT Tweet 4. Please fix the battery issues in Ios 11! @AppleSupport @115858,images\sample_0054_thread_55.jpg,Hardware,1,Disapproval,1,True
384,385,"Tweet 1. @123387 We'd like to help. What device are you using, and which OS version does it have installed? Tweet 2. @AppleSupport @123387 😂😂 y’all can’t figure out the problem Tweet 3. @AppleSupport iPhone 6s iOS 11 Tweet 4. @123387 We’d love to help further. To start, please send us a DM. https://t.co/GDrqU22YpT Tweet 5. Anyone else? @AppleSupport What’s going on here? https://t.co/FZeaqXgHqn",images\sample_0384_thread_385.jpg,Software,0,No Explicit Reproach,0,True
161,162,"Tweet 1. @118514 May we take a look? Feel free to DM us what iOS version you're on and we'll go from there: https://t.co/GDrqU22YpT Tweet 2. Wow great work @115858 !!! Love the new features on the 7+ (glitching, apps quitting, long pauses on Snapchat) awesome, sweet keep it up",images\sample_0161_thread_162.jpg,Software,0,Blame,3,True
381,382,Tweet 1. @123384 We want to help you resolve this keyboard issue. Which iOS version is currently installed? Tweet 2. @AppleSupport iOS 11.1 Tweet 3. @123384 Let's help get this sorted. Please reach out to us via DM and we can go from there together. https://t.co/GDrqU22YpT Tweet 4. iOS keeps turning my letter “I” to some weird shit @115858 https://t.co/KRqlrbETCC,images\sample_0381_thread_382.jpg,Software,0,Disapproval,1,True
264,265,"Tweet 1. @121503 We want you to be able to enjoy your iPhone X with your Bluetooth devices. We'll do all we can to help. To start, what iOS version is currently installed? Does this issue occur with any other Bluetooth devices that you connect to? Tweet 2. @AppleSupport 11.1.2. I haven't tried it yet with my little Bluetooth sound bar at home but will soon. Tweet 3. @121503 Thank you. Please let us know. If the issue is only with CarPlay, your firmware may need to be updated. Please visit us here: https://t.co/tqjOBvBgl0 for more information. Tweet 4. @applesupport Bluetooth connection iPhone X to Infiniti is terrible. Garbled and scratchy cutting in and out >30% of time. Didn't happen W iPhone 6!!",images\sample_0264_thread_265.jpg,Quality,2,Disapproval,1,True
333,334,"Tweet 1. @123061 Let's take a look at this further for you. Reach out to us in DM with more information. https://t.co/GDrqU22YpT Tweet 2. So at midnight my phone just went blank, spun the wheel,and asked me to enter my passcode ...wtf @AppleSupport since os 11 this randomly :(",images\sample_0333_thread_334.jpg,Quality,2,Disapproval,1,True
686,687,Tweet 1. @134129 Hey there! We can provide you support here. Let us know what's going on and we can take a look at helping out today. Tweet 2. @115858 This is outrageous! I live in China and I bought a Macbook this year IN China and they won't give me support because I don't speak Chinese. #rude #MacBookPro #alliwantissomesupport #idontspeakchinese https://t.co/Un1hltn9yX,images\sample_0686_thread_687.jpg,Service,3,Accusation,2,True
534,535,"Tweet 1. @129498 Thanks for the video. This is very helpful. We want you to be able to use your menu items. Let's see what we can do to get you a resolution. Does restarting your Mac help? What MacOS are you running? Let us know in DM. https://t.co/GDrqU22YpT Tweet 2. @AppleSupport This happened to me once before, and decided to record it when it happened again. MacBook Air 13' Early 2015 https://t.co/fu0kIo2K8t",images\sample_0534_thread_535.jpg,Software,0,Blame,3,True
773,774,"Tweet 1. @135033 Thank you for the screenshots. Just to confirm, is the dock showing off center? Reach out to us in DM and let us know if this happens after restarting the iPad. https://t.co/GDrqU22YpT Tweet 2. @AppleSupport https://t.co/P6cpbIbsV7 Tweet 3. @AppleSupport Hi, different issue, but it’s similar. https://t.co/TrUbDkOnCH Tweet 4. @135033 A screen recording would be great! Also, does this happen with any Apple installed apps such as messaging or Safari? If you would like to send the screen recording in DM, you can do that using the link below. https://t.co/GDrqU22YpT Tweet 5. @AppleSupport It doesn’t. The control center does show up when swiped twice but without the dock. The dock is missing from the homescreen too. If it happens again I’ll screen record. Tweet 6. @135033 Got it. This may be expected behavior. If you put your finger at the bottom of the screen and swipe up, does the dock come back? Tweet 7. @AppleSupport iOS 11.1.2 on iPad Pro. I’m using different apps. I think one was Procreate, another was Final Fantasy Record Keeper (I think), can’t remember the other one. It happens from time to time but today it happened thrice in such a short period of time. Tweet 8. @135033 Let’s look into this together. Are you using the same app each time the dock disappears? Also, which iOS is on the iPad? Tweet 9. In about 8 hours, I had restarted my iPad thrice because the dock keeps on disappearing. It’s getting annoying. @AppleSupport",images\sample_0773_thread_774.jpg,Software,0,Blame,3,True
740,741,"Tweet 1. @134525 Having a dependable charge is expected and we'd be happy to look into your concerns. Please DM us your model iPhone and the iOS 11 version currently installed. We'll gladly get started sorting this out. https://t.co/GDrqU22YpT Tweet 2. @115858 what’s happened to the battery life on my iPhone since the latest software update? Whatever it is, it needs sorting soon...",images\sample_0740_thread_741.jpg,Software,0,Blame,3,True
240,241,"Tweet 1. @121003 We can help. As long as this app supports Family Sharing, you'll be able to download it by following the steps in our article. Give them a shot, and let us know if this continues: https://t.co/IotWsTk0Px https://t.co/GDrqU22YpT Tweet 2. @AppleSupport Trying to download an app to a family member's phone that I purchased as the family group organizer. Being asked to purchase it, but I don't want to be charged again. Suggestions? https://t.co/Y730eW0nZe",images\sample_0240_thread_241.jpg,Service,3,No Explicit Reproach,0,True
477,478,Tweet 1. @128908 We're here to help. Let's take this to DM so we can better assist you. https://t.co/GDrqU22YpT Tweet 2. @AppleSupport Ok 👌🏻 Tweet 3. @AppleSupport it has been one hour and didn’t start? What’s the problem https://t.co/rwvwfsSH7m,images\sample_0477_thread_478.jpg,Software,0,Blame,3,True
164,165,"Tweet 1. @118517 Hi. We are here to help. What version of iOS do you have? Tweet 2. @AppleSupport Here is the problem https://t.co/tLi3hxIfJI Tweet 3. @118517 We'd be happy to assist. To begin, are you completely updated to iOS 11.1? DM us to let us know. https://t.co/GDrqU22YpT Tweet 4. @115858 @AppleSupport APPLE WHY IS MY “I️’s” coming out as question marked boxes & pounds ?! Fix it jeezus",images\sample_0164_thread_165.jpg,Software,0,No Explicit Reproach,0,True
8,9,"Tweet 1. @115865 Thanks! Which iOS version is currently showing in Settings > General > About? Tweet 2. @AppleSupport iOS 11.0.3 Tweet 3. @115865 Let's check Settings > General > Software Update. iOS 11.1 was released earlier today. If you see it, please backup & update. Tweet 4. @AppleSupport Okey. Thank you! 🤗 Tweet 5. @115865 Our pleasure. If you're still having issues after a back up and update, contact us back. We're happy to help. Tweet 6. @AppleSupport iPhone 7 Plus 😊 Tweet 7. @115865 Hi there! What type of device are we working with? Tweet 8. @AppleSupport I need the software update urgently. The battery lasts literally half a day 🙍🏼🙁@AppleSupport",images\sample_0008_thread_9.jpg,Software,0,Disapproval,1,True
292,293,Tweet 1. @122932 We'd like to help. Which software version are you using on your iPhone? Tweet 2. @AppleSupport Jk clearly it does Tweet 3. @AppleSupport 11.1 and now it still has the auto corrected A and ? In the box but it doesn’t do it when I️ type I️ and press space Tweet 4. Hey @AppleSupport my keyboard is going haywire when I️ type I️ #help https://t.co/v7Tfc47sgK,images\sample_0292_thread_293.jpg,Software,0,No Explicit Reproach,0,True
125,126,Tweet 1. @117967 We want you to have a smooth experience with our updates. What exactly is happening with your iPhone? Tweet 2. Downloaded new software update and my iPhone 6S in perfect condition magically became inoperably glitchy. What a coincidence @AppleSupport,images\sample_0125_thread_126.jpg,Software,0,Disapproval,1,True
843,844,"Tweet 1. @148889 Hey there. Let's refine your Music settings so you can enjoy the recommendations that flow through. Have you tried the steps found here by chance? https://t.co/zrXCbURjiu Let us know. Tweet 2. @AppleSupport I have. Did you not refer to the attached images I posted in my original posting? Tweet 3. @AppleSupport Please stop pushing new rap into my ""For You"" recommended music. I don't like it, and Apple Music doesn't want to listen to me. ""Stop trying to make Fetch happen!"" https://t.co/tZA25485mA",images\sample_0843_thread_844.jpg,Software,0,Accusation,2,True
650,651,Tweet 1. @131274 Thanks for reaching out to us. We definitely understand your concern here. This email is not authentic. This is likely a phishing attempt to get personal information from you. You can learn more about how to identify phishing emails here: https://t.co/LNMCdqt6fD Tweet 2. @AppleSupport Thanks for reply Tweet 3. @AppleSupport is this you?? Or hacker?? https://t.co/L7N6CEoUr5,images\sample_0650_thread_651.jpg,Software,0,Blame,3,True
526,527,Tweet 1. @129395 We’re here to help. Please DM us the software version you’re using so we can better assist you. https://t.co/GDrqU22YpT Tweet 2. Did @115858 remove #voicemail transcription in iOS 11? It was so useful. I can't seem to get it to appear again. Anyone know how to fix it?,images\sample_0526_thread_527.jpg,Software,0,Blame,3,True
514,515,Tweet 1. @129382 We want to help. Join us in DM and tell us your iOS version. https://t.co/GDrqU22YpT Tweet 2. @115858 ummmmm why is my phone suddenly running out of charge so quickly ....,images\sample_0514_thread_515.jpg,Quality,2,Blame,3,True
234,235,"Tweet 1. @120401 We'll be happy to see how we can help. Which Mac are you using this with? Tweet 2. @AppleSupport Due to non provoced heavy disk access on my external disk, right after updating to 10.13.1 DATA DOWN! #fail 2/2 Tweet 3. @AppleSupport 12/9TB of storage completely unusable and what happened to the data? What’s up Apple? 2/2 https://t.co/Ai8NLzzcVB",images\sample_0234_thread_235.jpg,Software,0,Blame,3,True
38,39,Tweet 1. @116347 We'd be glad to see what we can do for you. Let's meet up in DM first. Thanks! https://t.co/GDrqU22YpT Tweet 2. So why is this happening I️ I️ I️ @AppleSupport Tweet 3. @116348 We'd like to look into this with you. Does the song appear to be greyed out? Tweet 4. @AppleSupport Yes Tweet 5. @116348 Thank you for reaching out. We've received your DM and will continue working with you there. Tweet 6. I keep getting this error message saying “the item can’t be played” and idk how to fix it... @115948 @AppleSupport,images\sample_0038_thread_39.jpg,Software,0,No Explicit Reproach,0,True
741,742,"Tweet 1. @134526 Thank you for that screenshot. In DM, please let us know the iOS version you're using. You can find that under Settings > General > About. https://t.co/GDrqU22YpT Tweet 2. @AppleSupport @134527 Everyone’s fucking model is doing it. Even screenshotted I️t for you boys https://t.co/Osflkm7u2b Tweet 3. @134527 Let's take a closer look at this to get your device working right. Which model do you have and what's the exact OS version number installed? Have you tried any steps so far and when did this start happening? Tweet 4. I’m trying to type it not fuckin I.T, your product is absolute garbage. Figure it out. @115858 @AppleSupport",images\sample_0741_thread_742.jpg,Software,0,Accusation,2,True
862,863,Tweet 1. @153220 We are here to help. DM us the details of your issue and we can take a look at this. https://t.co/GDrqU22YpT Tweet 2. Anyone else seeing very bad/broken bluetooth experience on iPhone X? #iphoneX @AppleSupport,images\sample_0862_thread_863.jpg,Software,0,Disapproval,1,True
288,289,Tweet 1. @122928 We'd be happy to help. Let's move over to DM. Let us know your iOS version. https://t.co/GDrqU22YpT Tweet 2. #iphoneissues @AppleSupport why is my phone recognizing capital i as an emoji? This is annoying. i can’t write professional emails for work https://t.co/BrCygZdzD6,images\sample_0288_thread_289.jpg,Software,0,Disapproval,1,True
492,493,Tweet 1. @129044 We're happy to help. Do you get the same error when trying to access our App Store using a Wi-Fi network? Tweet 2. @AppleSupport Works fine with WiFi which is why I tagged Verizon too. Tweet 3. @129044 Understood. Please move to DM with us and we'll check a few things out on our side. https://t.co/GDrqU22YpT Tweet 4. @115990 @AppleSupport Apple App Store unreachable over Verizon LTE in NE Oklahoma City right now.,images\sample_0492_thread_493.jpg,Service,3,Disapproval,1,True
423,424,"Tweet 1. @123667 You're in the right place. Let's meet up via DM so we can dig in to this in greater detail. https://t.co/GDrqU22YpT Tweet 2. I don’t know if it’s either my #iPhone 6 or The new #iOS update I installed yesterday but, my battery had been draining out! #Apple @115858",images\sample_0423_thread_424.jpg,Software,0,Disapproval,1,True
274,275,"Tweet 1. @121847 Here’s what you can do to work around the issue until it’s fixed in a future software update: https://t.co/xXaXeeSRt9 Tweet 2. It’s an important letter, @115858. Fix it.",images\sample_0274_thread_275.jpg,Software,0,Blame,3,True
319,320,Tweet 1. @123046 Thanks for reaching out. We want to help. Tell us more about what's happening in DM. https://t.co/GDrqU22YpT Tweet 2. @AppleSupport somebody trying to get into my account,images\sample_0319_thread_320.jpg,Software,0,No Explicit Reproach,0,True
504,505,"Tweet 1. @129209 Everything shows green here: https://t.co/7NVrDovSd8 Are you having an issue with the App Store? Tweet 2. @AppleSupport I couldn’t access App Store neither iPhone nor Mac. But everything restored few mins ago. Thank you. Tweet 3. @129209 We're happy to hear that. If anything comes up in the future, we're here to help. Tweet 4. Is App Store down? @AppleSupport",images\sample_0504_thread_505.jpg,Software,0,No Explicit Reproach,0,True
116,117,"Tweet 1. @117809 We offer support via Twitter in English. Get help in Spanish here: https://t.co/IBIY3vMgPj or join https://t.co/OczyRx7IOs Tweet 2. @AppleSupport mi iPhone no se puede conectar a la red wifi privadas pero si a las free, que hago 😢 Tweet 3. @117810 Since our Twitter support is available in English, get help at https://t.co/IBIY3vMgPj or join https://t.co/pvaOFfPbjt Tweet 4. @AppleSupport I said the battery is dying too fast. Is that because of the new iOS 11.0.3? I’m pretty worried about it 😕 I can’t trust my phone anymore Tweet 5. @117810 We're here to help. Let's update your device to iOS 11.1 and test to see if the issue persists: https://t.co/80YRnjDFDk Tweet 6. @AppleSupport Thank you! Tweet 7. FOCO AQUI @AppleSupport Q Q TÁ ACONTECENDO ~ iOS 11 guloso https://t.co/Eonz2w9xPi",images\sample_0116_thread_117.jpg,Software,0,Disapproval,1,True
680,681,"Tweet 1. @134123 We've got your back. An update has been released to assist with this issue. If you haven’t yet, please back up your device and update it to the latest version iOS 11.1.2. For more info, check out: https://t.co/xXaXeeSRt9 Tweet 2. Dear @115858, when are you guys going to address the situation involving the letter “I️”? Meanwhile I️ see there’s already an update for issues with IPhone X 🙄. Don’t be a douche, get that shit together. I️ spend to much money on y’all for it not to be fixed still. Thanks. https://t.co/pfMPlRpoMo",images\sample_0680_thread_681.jpg,Software,0,Blame,3,True
822,823,"Tweet 1. @152737 That's great news. We're glad you reached out, and we were able to help. Have a great weekend. Tweet 2. @AppleSupport I appreciate the assistance,help regarding my issues.All done ✅",images\sample_0822_thread_823.jpg,Service,3,No Explicit Reproach,0,True
559,560,Tweet 1. @129795 We're here to help. Which iOS version is your device currently running? You can check this under Settings > General > About. Tweet 2. @AppleSupport 11.0.3 Tweet 3. @129795 Thanks. Please send us a DM and we'll continue this conversation there. https://t.co/GDrqU22YpT Tweet 4. Wassup with the letter i on our keyboards yo @AppleSupport,images\sample_0559_thread_560.jpg,Software,0,Blame,3,True
852,853,Tweet 1. @153209 We want to help! Is this the first time your device has done this? Do you have the most recent version of iOS 11.1.2 downloaded? Tweet 2. @AppleSupport Yes and yes Tweet 3. @153209 We'd like to investigate further with you. Send us a DM and we can troubleshoot more from there. https://t.co/GDrqU22YpT Tweet 4. @AppleSupport iPhone 6s just died with half full battery... why?,images\sample_0852_thread_853.jpg,Hardware,1,Accusation,2,True
487,488,Tweet 1. @119578 Get in touch with our Apple Online Store team for further assistance. Reach out to them here: https://t.co/RmFSlCBcIE Tweet 2. @AppleSupport how come my iPhone still says preparing for shipment even though it’s already been shipped?,images\sample_0487_thread_488.jpg,Packaging,5,Blame,3,True
163,164,"Tweet 1. @118516 Your security is our absolute priority. Visit this link for info on pop up adds in Safari: https://t.co/qr0pQfKgYD Tweet 2. @AppleSupport Seems I have a virus, I’ve been getting these pop-ups: https://t.co/RMppEqEQSq",images\sample_0163_thread_164.jpg,Software,0,No Explicit Reproach,0,True
480,481,Tweet 1. @128911 Let's look into this together. Is this happening on Wi-Fi and cellular? Tweet 2. @AppleSupport Yes full service on both Tweet 3. @128911 Thanks for letting us know. DM us your exact iOS version. We’ll continue working with you there. https://t.co/GDrqU22YpT Tweet 4. Fix your server smh always a prob with iOS 11 🗑@AppleSupport https://t.co/6iY8oemwTg,images\sample_0480_thread_481.jpg,Software,0,Accusation,2,True
540,541,Tweet 1. @129596 We'd like to take a closer look into this with you. Send us a DM and we can start there. https://t.co/GDrqU22YpT Tweet 2. @AppleSupport I️ think you guys need to fix this ASAP. Everytime I️ tweet or text I it shows up as the images below. https://t.co/UfzgpelsyD,images\sample_0540_thread_541.jpg,Software,0,Blame,3,True
296,297,"Tweet 1. @122936 We want to take a look at this with you. Reach out to us in DM with more information. https://t.co/GDrqU22YpT Tweet 2. Hey @AppleSupport So it’s been like this for a while, from 10.13 to 10.13.1, even under the Technology Preview version, any idea? https://t.co/HEAH6jsNi3",images\sample_0296_thread_297.jpg,Software,0,No Explicit Reproach,0,True
320,321,Tweet 1. @123047 Thanks for reaching out. DM which iPhone and specific iOS version you are using to get started. https://t.co/GDrqU22YpT Tweet 2. someone help me what halloween sorcery is this @115858 https://t.co/nZGaYCxLBy,images\sample_0320_thread_321.jpg,Service,3,No Explicit Reproach,0,True
804,805,"Tweet 1. @152260 We can help you with this issue. Can you tell us which watchOS and iOS versions you are currently using please? Tweet 2. @AppleSupport Latest WatchOS 4.1 and iOS 11.1.2 Watch series 3. Non cellular. iPhone 8plus Tweet 3. @152260 Okay. Let's try unpairing the Watch from the iPhone. This is the equivalent to restoring to factory settings, and is a great step to resolve this. Follow the steps here: https://t.co/UCuy0qGg07 Once done, pair the Watch back to your phone. Let us know if this works. Tweet 4. @AppleSupport I’m having lots of issues with Apple Watch not sending messages. Recent issue. Recurring every day. Annoying. Unreliable. Restart not helping either",images\sample_0804_thread_805.jpg,Software,0,Blame,3,True
411,412,Tweet 1. @123518 We'd be happy to help with some battery tips. Let's start with the maximizing tips found here: https://t.co/TpjqFp3jxD Tweet 2. @AppleSupport my iphones battery drains quickly. any tips. it might just be old though,images\sample_0411_thread_412.jpg,Hardware,1,No Explicit Reproach,0,True
357,358,Tweet 1. @123185 We want to help with this. Reach out to us in DM with more information. https://t.co/GDrqU22YpT Tweet 2. @AppleSupport I keep getting a question mark inside a box?? I️ updated my phone and it’s still doing it. 🤦🏽,images\sample_0357_thread_358.jpg,Software,0,Disapproval,1,True
500,501,Tweet 1. @129205 We've received your DM and will continue workign with you there. Look for a reply from us shortly. Tweet 2. Sick of this I️ problem. Fix it @115858!!,images\sample_0500_thread_501.jpg,Software,0,Blame,3,True
313,314,Tweet 1. @123040 We're here to help. Let's take this to DM so we can better assist you. https://t.co/GDrqU22YpT Tweet 2. @AppleSupport please do something about iOS 11's battery drain issue. I literally have my iPhone 6 plugged in and it's still losing power.,images\sample_0313_thread_314.jpg,Software,0,Disapproval,1,True
273,274,Tweet 1. @121846 Here’s what you can do to work around the issue until it’s fixed in a future software update: https://t.co/xXaXeeSRt9 Tweet 2. @AppleSupport Gummie an IPhone X and we call it even Tweet 3. Hey @115858 I️ think we need to have a talk #applebug #iphoneglitch https://t.co/VKS5P57WCv,images\sample_0273_thread_274.jpg,Software,0,Blame,3,True
879,880,"Tweet 1. @153614 Thanks for contacting us, we can help you. Have you tried a normal restart of the device? This simple step can resolve issues like this. This article explains how to do a normal restart: https://t.co/OWRDHWSt4h Tweet 2. @AppleSupport Yes I have restarted it! Tweet 3. @153614 Good thinking. Are you viewing these photos from within Photos? Tweet 4. @AppleSupport Yes Tweet 5. @153614 We’ve got a team of Photos experts that we’d like to get you in touch with for more assistance. Go to: https://t.co/IBIY3vMgPj Once you're on the site, select Apps & Software > iOS Apps > Photos for iOS. Tweet 6. @AppleSupport Can’t edit Can’t share Happens to various photos For quite some time now What’s going on? 🤔 iOS 11.1.2 6s ✌️ https://t.co/dYjVQmT5U5",images\sample_0879_thread_880.jpg,Software,0,Disapproval,1,True
624,625,Tweet 1. @130491 We'd love to help! Let's start by having you tell us which device and iOS version you are using in Settings > General > About Tweet 2. Am i the only one that can’t use a capital i without it showing a capital A next to a boxed question mark? The hell is this @AppleSupport,images\sample_0624_thread_625.jpg,Software,0,Disapproval,1,True
30,31,"Tweet 1. @116339 Check out this link: https://t.co/Lr8zUtw9ls Send us a DM if it doesn't help. https://t.co/GDrqU22YpT Tweet 2. @115858 Just updated iOS on iPhone7, now iCloud backup greyed out, cannot be turned on, says “Last Backup Never”",images\sample_0030_thread_31.jpg,Software,0,No Explicit Reproach,0,True
295,296,"Tweet 1. @122935 While this is expected to send reminders, you can leave us feedback about that here: https://t.co/eTPVYVFyd8 Tweet 2. Hey @AppleSupport I think my phone has dementia. No matter how many times I tell it not to update, it keeps asking.",images\sample_0295_thread_296.jpg,Software,0,No Explicit Reproach,0,True
640,641,"Tweet 1. @130533 We're glad to help. What version of iOS are you currently running? Let us know and we'll get started. Tweet 2. @AppleSupport 11.1.2 Tweet 3. @130533 Try resetting your keyboard dictionary in Settings > General > Reset. If that doesn't work send us a DM and we'll go from there. https://t.co/GDrqU22YpT Tweet 4. @115858 @AppleSupport listen, y’all fixed the I thing. Thanks. But can y’all do something about me not being able to type I.T without I.T looking like this. FYI. I’m trying to type “it”",images\sample_0640_thread_641.jpg,Software,0,Accusation,2,True
895,896,"Tweet 1. @153630 If you are in a qualifying country you will earn the award within 9 days of completing the Activity Challenge. https://t.co/xwf6lrIgzJ Tweet 2. @AppleSupport Okay. Just need reassurance. I hope that time frame for badges gets shortened in the future! Waiting for pixels is hard. 😞 Tweet 3. @AppleSupport My thanksgiving badge will show up eventually, right? https://t.co/mciM6ffgmX",images\sample_0895_thread_896.jpg,Software,0,No Explicit Reproach,0,True
147,148,Tweet 1. @118357 We're here to help with any issues you may be having. Tell us what's going on to get started. Tweet 2. @115858 this glitch is blowing mine. please fix it.,images\sample_0147_thread_148.jpg,Software,0,Disapproval,1,True
146,147,"Tweet 1. @118250 We want to help you. DM us, and let us know what's going on. We'll look into this. https://t.co/GDrqU22YpT Tweet 2. @AppleSupport fix it Tweet 3. @118251 Great Question! You can read more about changing your appearance with Face ID here: https://t.co/etk4MmVSpa Tweet 4. @115858 @AppleSupport how will iphone x recognize me with face id if I am wearing my du rag? Tweet 5. @118252 We'd like to work with you and look into this together. Do you have a previous backup to your iPhone on either iTunes or iCloud? Tweet 6. @AppleSupport My backup was stored to my MacBook Pro which battery died 2 months ago. Tweet 7. @118252 Let's take a look at this together in DM. https://t.co/GDrqU22YpT Tweet 8. Tried to update my phone to the new IOS system, and my phone died while 'charging' & now I lost everything. Thanks @115858.",images\sample_0146_thread_147.jpg,Software,0,Accusation,2,True
224,225,"Tweet 1. @119457 We want to help! DM us and let us know more about the issues you are having. https://t.co/GDrqU22YpT Tweet 2. @115858 so y’all gonna fix this I️ problem or...... Tweet 3. @119458 We offer support via Twitter in English. Get help in Spanish here: https://t.co/IBIY3vMgPj or join https://t.co/OczyRx7IOs Tweet 4. Actualize a iOS 11.1 y sobrecalienta el equipo @1048 @119459 @119460 @AppleSupport Tweet 5. @119461 You should be able to access your iCloud contacts on the web. DM us, and we'll see what we can do. https://t.co/GDrqU22YpT Tweet 6. @AppleSupport Okay. Tweet 7. @119461 We've received your DM and will continue there. Tweet 8. 6 years later I still can’t access Contacts on iCloud, what do we need to do to finally get this fixed, @AppleSupport? //cc @119462 https://t.co/EP9KWcig3M Tweet 9. @119463 We’d love to help. To start, please send us a DM letting us your iPhone model. https://t.co/GDrqU22YpT Tweet 10. @AppleSupport why my phone doing this???? Tweet 11. Is anybody else phone doing this weird shit?!?!?! Wtf! https://t.co/DW4y8hNo1c Tweet 12. @119809 We know how precious your memories are, and we'll help any way we can. Which iOS version is running on your iPhone? Do you use iCloud Photo Library? Meet us in DM with details, and we'll find a solution together. https://t.co/GDrqU22YpT Tweet 13. So @115858 randomly deleted over 3,000 photos from my phone. Wow wtf!!",images\sample_0224_thread_225.jpg,Software,0,Blame,3,True
80,81,"Tweet 1. @117456 We'd like to learn more about what's happening. What model & iOS version are you working with? Tell us in DM, please. https://t.co/GDrqU2kzhr Tweet 2. @AppleSupport Will do thanks. Tweet 3. Every time I watch a live broadcast or video it skips or repeats a few seconds since updating @AppleSupport https://t.co/ufl7yqidmb",images\sample_0080_thread_81.jpg,Software,0,No Explicit Reproach,0,True
419,420,"Tweet 1. @123525 You most certainly can. Check out this helpful article about how to turn off auto-brightness:https://t.co/bkqEVCrK2l Tweet 2. @AppleSupport Thanks a lot Tweet 3. @123525 You are welcome. If you have any questions in the future, please reach back out to us. Tweet 4. @AppleSupport are you able to turn off the automatic brightness on this iOS update?",images\sample_0419_thread_420.jpg,Quality,2,No Explicit Reproach,0,True
466,467,Tweet 1. @128897 We can definitely look into this with you. Which device are you using? DM us and let us know. https://t.co/GDrqU22YpT Tweet 2. @115858 can you tell me when when I type the letter “I” some damn symbols pop up like I’m out here coding and doing a MySpace edit 🤨,images\sample_0466_thread_467.jpg,Software,0,Blame,3,True
350,351,Tweet 1. @123178 We'd like to help with your issue. DM us and tell us more about what's happening with your iPhone 6s. https://t.co/GDrqU22YpT Tweet 2. @115858 I am so fed up w/your “updates” making my iPhone 6s operate like 1990’s dial up! Ur geniuses s:b able to figure out new v. Old Tech.,images\sample_0350_thread_351.jpg,Software,0,Disapproval,1,True
547,548,Tweet 1. @129784 Let's look into this keyboard issue for you. Send us a DM with your current iOS version to get started. https://t.co/GDrqU22YpT Tweet 2. Hey @AppleSupport why is it that every time I use the letter I it looks there’s a box like this “ I️ “?,images\sample_0547_thread_548.jpg,Software,0,Blame,3,True
896,897,"Tweet 1. @153631 We'd like to look into this with you. Which apps are you using to listen to music when you notice this behavior? Tweet 2. @AppleSupport Apple music, i’ve just noticed it after updating from ios 11.1 to 11.1.2 and the most recent snapchat update. Now it pauses apple music every time snapchat is opened Tweet 3. @153631 Got it. Have you tried removing and reinstalling Snapchat, then restarting your device? Tweet 4. @AppleSupport That worked, thank you!! 🙌🏻 Tweet 5. @153631 Great! We're happy this issue has been resolved. Please, feel free to reach out to us for any reason. We'll be happy to assist. Tweet 6. @153631 @AppleSupport This works for me on the same OS so keep pushing on with the troubleshooting. It will work 👍 Tweet 7. Checking snapchat stops my music now & that is not ok ☹️ @917 @115858",images\sample_0896_thread_897.jpg,Software,0,Accusation,2,True
227,228,"Tweet 1. @119816 Certainly not what we want you to experience. We'd love to look into this with you and help resolve ensure your iPhone is working 100% as expected. Please DM us and let us know which iPhone and the exact version of iOS you're using. https://t.co/GDrqU22YpT Tweet 2. in a matter of 4 hours i had to make 3 hard resets on my phone, i just made 2 hard resets on this phone’s life before iOS 11. fix this @115858 @AppleSupport",images\sample_0227_thread_228.jpg,Software,0,Disapproval,1,True
321,322,"Tweet 1. @123048 Send us a DM and let us know what version of iOS you're currently running. We'll go from there. https://t.co/GDrqU22YpT Tweet 2. After the last update, I cannot hear my phone calls. What is happening? @115858 @AppleSupport",images\sample_0321_thread_322.jpg,Software,0,Disapproval,1,True
73,74,Tweet 1. @117165 Let's see what we can find for you today. Let's meet up in DM to gather some specifics and we'll proceed from there. https://t.co/GDrqU22YpT Tweet 2. @AppleSupport the fact that my laptop that I haven't even had for two years keeps shutting off without warning at 15% is kind of ridiculous.,images\sample_0073_thread_74.jpg,Hardware,1,Disapproval,1,True
756,757,"Tweet 1. @134543 We'd love to help you get the auto-correct on your iPhone working again like you expect. DM us which exact version of the operating system your iPhone is running and we'll get started. https://t.co/GDrqU22YpT Tweet 2. Hey @115858 ... your autocorrect, figure “I.t” out! #iosfail #applefail",images\sample_0756_thread_757.jpg,Software,0,Blame,3,True
0,1,Tweet 1. @115854 We're here for you. Which version of the iOS are you running? Check from Settings > General > About. Tweet 2. @AppleSupport The newest update. I️ made sure to download it yesterday. Tweet 3. @115854 Lets take a closer look into this issue. Select the following link to join us in a DM and we'll go from there. https://t.co/GDrqU22YpT Tweet 4. @AppleSupport https://t.co/NV0yucs0lB Tweet 5. @AppleSupport why are my I️’s changing not showing up correctly on any of my social media platforms? https://t.co/GyRvpyVnkE,images\sample_0000_thread_1.jpg,Software,0,No Explicit Reproach,0,True
53,54,"Tweet 1. @116859 Let’s work together on this behavior. How long has this been happening? Also, which device are you using? Tweet 2. @AppleSupport iPhone 7 and it literally just started today. Tweet 3. @AppleSupport AFTER I️ updated my phone. Tweet 4. @116859 Does that continue after restarting your iPhone? Do you have any other iOS devices or a Mac computer? Let us know in DM. https://t.co/GDrqU22YpT Tweet 5. @AppleSupport please make this stop!!! https://t.co/YoyrO8iZKe",images\sample_0053_thread_54.jpg,Software,0,Disapproval,1,True
874,875,"Tweet 1. @153609 We want to help with the battery life. To start, please share with us in DM when you updated to iOS 11.1.2. https://t.co/GDrqU22YpT Tweet 2. @AppleSupport After 7 years I'm going to have to go back to an Android. Any Android. IOS 11.1.1 screwed up my battery life. 11.1.2 has made it worse. I shouldn't have to keep everything shut down to use my phone. I also shouldn't have to charge multiple times a day. Ridiculous.",images\sample_0874_thread_875.jpg,Software,0,Accusation,2,True
235,236,"Tweet 1. @120630 We're happy to help get your iPhone back up and running. To start, check out the steps for that error here: https://t.co/VtLfFWoKGX Tweet 2. @AppleSupport just installed your latest update on my 6s, it failed, and now my phone won't even restore ""error 21"", thanks apple",images\sample_0235_thread_236.jpg,Software,0,Blame,3,True
47,48,"Tweet 1. @116625 Let’s team up on this. How long has this been happening? What version number of iOS are you running? Which iPhone do you have? Tweet 2. @AppleSupport still happening, including on iOS 11.2 beta now. any ideas? Tweet 3. @116625 Thanks for the update. Go ahead and send us a DM and we'll take it from there. https://t.co/GDrqU22YpT Tweet 4. @AppleSupport I've also forced the app to close from the background and reopened, no dice 🎲 Tweet 5. @116853 We want to help! What model of iOS device are you using? Do you have the most recent version of iOS 11.1 downloaded? Tweet 6. @AppleSupport iPhone 6 and yes it’s got the latest software update Tweet 7. @116853 Thanks for letting us know. We'd like to take a further look into this. Please send us a DM, and we'll continue there. https://t.co/GDrqU22YpT Tweet 8. Really considering getting a new kind of phone since my iPhone dies with 90% while using my camera 😤 @115858 @AppleSupport @318",images\sample_0047_thread_48.jpg,Hardware,1,Disapproval,1,True
243,244,"Tweet 1. @121026 We'll be happy to take a look into this with you. Could you please send us a DM with what country you're located in so we can get started? https://t.co/GDrqU22YpT Tweet 2. @115858 ok not sure why this is happening but I need assistance charged my iPhone X (purchased yesterday) wirelessly and reached for it and this was on the screen, I could probably fry an egg https://t.co/WgADbE9263",images\sample_0243_thread_244.jpg,Quality,2,Disapproval,1,True
77,78,Tweet 1. @117189 We'd love to help. Let's work on this together in DM. Start by letting us know what kind of device you are using. https://t.co/GDrqU22YpT Tweet 2. @115858 after the new apple updates: the battery life is really go fast and the WiFi is always on! @AppleSupport #newappleupdates,images\sample_0077_thread_78.jpg,Software,0,Disapproval,1,True
510,511,Tweet 1. @129215 We can look further into this issue with you. Message us in DM to continue. https://t.co/GDrqU22YpT Tweet 2. @115858 I️ CANT FUNCTION WITH MY I’s NOT WORKING FIX THIS.,images\sample_0510_thread_511.jpg,Software,0,Accusation,2,True
850,851,"Tweet 1. @153193 @AppleSupport So every time an update comes out for iOS, WhatsApp does not alert you to texts or calls? Are any other apps suffering from this? Tweet 2. @153207 We understand your frustration and want to help you. DM us so we can better assist you: https://t.co/GDrqU22YpT Tweet 3. @AppleSupport DMed u.. Tweet 4. @AppleSupport @115858 My iphone x (ordrd on the 27th of Oct,morning) was to be delivered between 17th-24th of November. The status shows my shipment to b in Korea!!!!! With no estimated date of delivery! This is really frustrating and not at all expected from you guys..",images\sample_0850_thread_851.jpg,Service,3,Accusation,2,True
827,828,Tweet 1. @152741 Hi there. Your local Apple Store will be able to provide that information based on inspecting the iPhone. You can find estimated trade-in values here: https://t.co/1OpwRY51id Tweet 2. @AppleSupport another question if i️ have t-mobile can i️ use the iphone 8 ? Tweet 3. @152741 Yes. The iPhone 8 is compatible with T-Mobile's network. Let us know if you have any other questions. Tweet 4. @AppleSupport that’s i️t thank you ! Tweet 5. @152741 You're welcome. Tweet 6. @AppleSupport so i️ can go to an apple store trade in my perfect condition iphone 6s get like 200 dollars from that and then use i️t on a new phone? Tweet 7. @152741 Correct. Tweet 8. @AppleSupport ❤️ Tweet 9. @AppleSupport awesome sounds to good to be true Tweet 10. @AppleSupport Can i️ trade in a perfect contrition iphone 6s at the apple store? if so how much will i️ get,images\sample_0827_thread_828.jpg,Service,3,No Explicit Reproach,0,True
819,820,Tweet 1. @152734 Let's check this out together. Send us a DM with more details about this and we'll work from there: https://t.co/GDrqU22YpT Tweet 2. @AppleSupport I've noticed a steady deterioration in the battery life of my iPad Air 2 running iOS 11. It's three years old. Is there a way to run a diagnostics test to determine the battery condition?,images\sample_0819_thread_820.jpg,Hardware,1,Blame,3,True
343,344,Tweet 1. @123169 We're here to help. What specific issues are you experiencing with your device? Tweet 2. @AppleSupport It’s glitching when I try to erase pictures or go onto new apps Tweet 3. @123169 Let's see what we can do. Send us a DM and let us know what you mean by glitching. https://t.co/GDrqU22YpT Tweet 4. Why is my BRAND NEW iPhone 7 already glitching @115858 ??🙃 I hate you guys,images\sample_0343_thread_344.jpg,Software,0,Disapproval,1,True
117,118,Tweet 1. @117811 Thank you for reaching out. May we ask which apps you're seeing the keyboard issue with? Tweet 2. @AppleSupport iMessage & snapchat Tweet 3. @117811 Thanks for letting us know. Send us a DM and we'll do everything we can to get your keyboard back on track. https://t.co/GDrqU22YpT Tweet 4. @AppleSupport hey my i on my keyboard isn't working and i just updated my phone to the latest IOS,images\sample_0117_thread_118.jpg,Software,0,No Explicit Reproach,0,True
183,184,"Tweet 1. @118927 We'd like to see what we can do to assist. DM us and we'll continue from there. https://t.co/GDrqU22YpT Tweet 2. @AppleSupport after updating to ios 11.1 I have no service, displays no service. reset networking settings does nothing",images\sample_0183_thread_184.jpg,Software,0,No Explicit Reproach,0,True
59,60,"Tweet 1. @117096 Thank you for reaching out. We've received your DM and will continue working with you there. Tweet 2. Y’all need to fix this now @115858 Tweet 3. @117097 Got it. We recommend updating your Watch OS, then testing to see if the issue persists. If the problem continues, reach back out. Tweet 4. @AppleSupport No Tweet 5. @117097 Got it. Have you updated your Apple Watch to 4.1 yet? Tweet 6. @AppleSupport just updated my 7 plus to 11.1 but I can’t see the new emojis on my watch. Pls help.",images\sample_0059_thread_60.jpg,Software,0,Disapproval,1,True
603,604,"Tweet 1. @130258 Let's help. To make sure we're on the same page, are you running iOS 11.1? Tweet 2. @AppleSupport Yes Tweet 3. @130258 OK. Let's take this conversation to DM. Which country are you located in? https://t.co/GDrqU22YpT Tweet 4. Why am I seeing boxed up question marks? And I updated my phone ! @115858 wth is going on 🙄😡",images\sample_0603_thread_604.jpg,Software,0,Blame,3,True
599,600,"Tweet 1. @130253 Thank you for reaching out. May we ask which iPhone you're currently using? Tweet 2. @AppleSupport iPhone 6. Has recently started vibrating randomly. Tweet 3. @130253 What's the iOS version being used? Meet us in a DM, we'll have the room there to look into this a bit closer. https://t.co/GDrqU2kzhr Tweet 4. Why does my iPhone keep randomly vibrating? @AppleSupport #FirstWorldProblems",images\sample_0599_thread_600.jpg,Quality,2,Blame,3,True
364,365,Tweet 1. @123192 We're glad to look into all options with you to have your iPhone serviced. Please DM us to proceed. https://t.co/GDrqU22YpT Tweet 2. @AppleSupport My iPhone screen glass is completely cracked. Still the touch screen works. Can I change the glass alone or the display too?,images\sample_0364_thread_365.jpg,Hardware,1,No Explicit Reproach,0,True
830,831,"Tweet 1. @152744 Hello. Kudos to you for the awesome workout. Let's check a few things together via DM and see if we can get this fixed. Please tap here to continue: https://t.co/GDrqU22YpT Tweet 2. @AppleSupport So, I did 3.17 miles yesterday (thanks for the achievement motivation!), and logged it with the Fitness app on my #AppleWatch, and now the achievement is not only granted, but missing from the Activity app all together... What happened here? :/ https://t.co/YTmvVR5fBY",images\sample_0830_thread_831.jpg,Service,3,Disapproval,1,True
245,246,"Tweet 1. @121028 That's great news! Thanks for keeping us updated. If you run into any other issues, please let us know. Have a great weekend. Tweet 2. @AppleSupport The problem has seemed to resolve itself. Thanks so much for replying. If I have any further problems I will message. Tweet 3. @121028 We definitely understand where you're coming from. Let's take a deeper look into this. Send us a DM and we'll get started. https://t.co/GDrqU22YpT Tweet 4. @AppleSupport I have tried it on different WiFi and cell data. It seems to not work. Then quite some time after I have tired to download it will pop up multiple times to allow it to download then later it downloads out of no where. So it’s strange. Tweet 5. @121028 We know how important apps and app updates can be. We'd like to help. Does this happen when you're using Wi-Fi or cellular data? Is there another network you can try? Tweet 6. @AppleSupport I decided to download IOS 11. Now I can’t download anything from the App Store. Is this problem being fixed soon? I’ve tried all the options to make it work. #worstdecisionever",images\sample_0245_thread_246.jpg,Software,0,Disapproval,1,True
703,704,Tweet 1. @134146 We'd be happy to look into your service options. Please DM us which country you're located in and we'll get started reviewing your available options to have this taken care of. https://t.co/GDrqU22YpT Tweet 2. @AppleSupport The case didn’t hold my AirPods when it fell down. And now one of them is broken. It was a gift. Please help. What should I do? https://t.co/3W1LdBcPVu,images\sample_0703_thread_704.jpg,Quality,2,Blame,3,True
407,408,Tweet 1. @123512 Happy to help you with this. Can you tell us which iOS and watchOS version you are currently using please? Tweet 2. @AppleSupport The latest update from yesterday Tweet 3. @123512 DM us using the link below. We'll look into things from there. https://t.co/GDrqU22YpT Tweet 4. @AppleSupport why on my Apple Watch series 3 when I start the activity tracker on stair stepper it shows 0 total and active calories?,images\sample_0407_thread_408.jpg,Software,0,Disapproval,1,True
3,4,"Tweet 1. @115857 We'd like to investigate further with you. Send us a DM and we can troubleshoot more from there. https://t.co/GDrqU22YpT Tweet 2. @AppleSupport This is what is happening... https://t.co/X3SZSJXfAT Tweet 3. @115857 Fill us in on what is happening, then we can help out from there. Tweet 4. Tf is wrong with my keyboard @115858",images\sample_0003_thread_4.jpg,Hardware,1,Disapproval,1,True
418,419,Tweet 1. @123523 Let's explore this in more details. Which device is exact iOS version are you using? When are you receiving this error? Tweet 2. @AppleSupport When will fix the problem with activation (error 0xE8000013)? Or your phones are now disposable? Tweet 3. @123524 Our Apple Apps team would be best equipped to help with this. You can reach out to them here: https://t.co/IBIY3vMgPj Tweet 4. @115858 can y’all update the iMovie app. Keeps crashing on me,images\sample_0418_thread_419.jpg,Software,0,Disapproval,1,True
701,702,Tweet 1. @134144 We're happy to help. Could you please provide a few details about what you're experiencing? Tweet 2. @AppleSupport fix my phone.,images\sample_0701_thread_702.jpg,Software,0,Accusation,2,True
461,462,Tweet 1. @128698 We want to help. Which version of iOS do you have installed on your iPhone? You'd see this in Settings > General > About. Tweet 2. @AppleSupport 11.1 which has been causing many glitches on my phone between apps/internet connection & keyboard Tweet 3. @128698 Thanks for that info. Reach out to us in DM and we will happily help to look into this further. https://t.co/GDrqU22YpT Tweet 4. This fucking update is the worst! Why can’t we type “i” without funky shit popping up? @115858 #iphone,images\sample_0461_thread_462.jpg,Software,0,Accusation,2,True
783,784,Tweet 1. @135043 Thanks for reaching out to us. We are always happy to help. Send us a DM so we can look into this issue with you there. https://t.co/GDrqU22YpT Tweet 2. @115858 @AppleSupport why do my phone keep vibrating like I have notifications? But when I check there’s no new ones,images\sample_0783_thread_784.jpg,Software,0,Accusation,2,True
606,607,"Tweet 1. @130261 We want to help you. DM us, and let us know what's going on. We'll look into this. https://t.co/GDrqU22YpT Tweet 2. @AppleSupport @115858 can you help or nah? https://t.co/1lAvjP9yu1 Tweet 3. And how come it shows differently?! https://t.co/UOpT4VfK3L Tweet 4. Who knows why my phone keeps switching the letter (eye) when I️ type it ?! Like this —> I️",images\sample_0606_thread_607.jpg,Software,0,Blame,3,True
749,750,"Tweet 1. @134535 We’d be glad to help with all the issues you’ve noticed. We know how important getting those back and working is for your iPhone. Can you start by confirming your iOS version in DM? You can find that under Settings > General > About. https://t.co/GDrqU22YpT Tweet 2. Yo @AppleSupport My imessage just cut off, I can't facetime & now I got green messages. This happened OUT OF NO WHERE . Then my phone just deleted all my contacts. What is the issue",images\sample_0749_thread_750.jpg,Software,0,Blame,3,True
5,6,"Tweet 1. @115860 Reach out to us via DM, and we can take a look at this with you. https://t.co/GDrqU22YpT Tweet 2. @115861 @115862 @AppleSupport I️ upgraded. I️t didn’t work. Tweet 3. @115862 @AppleSupport I will! Tweet 4. @AppleSupport @115861 We’re going to need you to share the answers Angela. I️ can’t stand this! Tweet 5. @115861 You're in the right place; we'll do all we can to help. To start, let us know what iOS version is installed via DM: https://t.co/GDrqU22YpT Tweet 6. Hello, internet. Can someone explain why this symbol keeps appearing on my phone and when I️ try to type the letter I️? Also @AppleSupport https://t.co/QKwvTLtiN7",images\sample_0005_thread_6.jpg,Software,0,No Explicit Reproach,0,True
397,398,Tweet 1. @123500 Let's work together in DM to investigate what's going on with your Time Machine. https://t.co/GDrqU22YpT Tweet 2. Hi @AppleSupport ! #TimeMachine still not working with #HighSierra update,images\sample_0397_thread_398.jpg,Software,0,No Explicit Reproach,0,True
596,597,"Tweet 1. @130250 Thank you for reaching out to us about this. We want you to be able to view your photos. When did this issue begin? Tweet 2. @AppleSupport When the Sept update ever since then there’s an exclamation point in a circle in most pictures I’m at 11.1 now, updated last night as well Tweet 3. @130250 Thanks for letting us know. For more help with this, you'll want to contact our Photos experts here: https://t.co/IBIY3vMgPj Tweet 4. Hey @115858 why can’t I see my photos in my albums? They won’t load, And yes I’ve updated my phone twice in the last 24hrs actually..",images\sample_0596_thread_597.jpg,Software,0,Disapproval,1,True
238,239,"Tweet 1. @120644 Hey, we'd like to help get your iPhone responding smoothly for you. Reply by DM, and tell us more about what you're seeing. Be sure to also let us know the iOS version shown in Settings > General > About. https://t.co/GDrqU22YpT Tweet 2. @115858 please stop making old operating systems extremely slow and buggy when the new phone comes out. I’ll get a new phone eventually but damn it just let me use the one I have now in peace and without freezing every ten seconds",images\sample_0238_thread_239.jpg,Software,0,Blame,3,True
677,678,"Tweet 1. @134119 We want you to be able to enjoy your iPhone, and we'll do all we can to help. To get started, what iOS version is currently installed? Let us know in DM and we'll continue from there: https://t.co/GDrqU22YpT Tweet 2. Yeah, so I can't open my text messages, or ANY other app on my phone for more then 1 second and it crashes. Hello @AppleSupport ?",images\sample_0677_thread_678.jpg,Software,0,Blame,3,True
271,272,"Tweet 1. @121844 Got it. Let’s complete the update to iOS 11.1. Here’s a link that will help: https://t.co/80YRnjDFDk Tweet 2. @AppleSupport Thank you will try now. Tweet 3. @AppleSupport 6s. 11.0.3. Tweet 4. @121844 Thank you for reaching out. We want to help. To start, can you tell us which iPhone and iOS you’re using? Tweet 5. @AppleSupport my iphone is still glitchy, keeps swapping screens when I try to type.",images\sample_0271_thread_272.jpg,Software,0,No Explicit Reproach,0,True
887,888,Tweet 1. @153622 We want to help! DM us and let us know more about the issues you are having. We can look more into this issue from there. https://t.co/GDrqU22YpT Tweet 2. @AppleSupport just purchased IPhone 8 can’t install the IOS update which means I can’t back it up to my i cloud! Any ideas what’s going on?,images\sample_0887_thread_888.jpg,Software,0,Disapproval,1,True
702,703,"Tweet 1. @134145 We appreciate you reaching out to us and can't wait to get this resolved together. Which iOS version are we working with on your iPhone? You can find that in Settings > General > About. You can find us in DM at the link below. https://t.co/GDrqU2kzhr Tweet 2. Easily worst purchase I’ve made is @115858 ‘s iPhone 8+. Either that or just their worst software ever. Spotify randomly stops, apps are slow to open, screen lags when waking. Good job apple. @AppleSupport",images\sample_0702_thread_703.jpg,Software,0,Accusation,2,True
285,286,"Tweet 1. @122490 We are happy to hear all is working as expected again. Enjoy the rest of your day. Tweet 2. @AppleSupport I GOT IT TO WORK thanks to chatting w/a tech who had another one call and help me out! Thanks so much!! xxoo Tweet 3. @122490 You mentioned the Bluetooth icon shows as not available sometimes. Is the Bluetooth icon grayed out at the top? When this occurs, are you able to toggle Bluetooth on and off via System Preferences? Let's dig into this deeper over DM: https://t.co/GDrqU22YpT Tweet 4. @AppleSupport Sometimes they're connected, sometimes they're not. Sometimes it even says bluetooth not available in the bar on top yet one will be connected!? Started after I updated. Tweet 5. @122490 We know how essential Bluetooth is to using wireless devices. We'll be happy to work with you to get to the bottom of this. To confirm, you updated to macOS 10.13.1, correct? Have you tried unpairing and repairing your Bluetooth devices? Tweet 6. Since the newest update my MAC won't stay connected to my mouse & kb (bluetooth). Help @AppleSupport !?!",images\sample_0285_thread_286.jpg,Software,0,No Explicit Reproach,0,True
304,305,"Tweet 1. @122945 We're happy to help you with that. DM us the country you are located in so we can better assist you: Tweet 2. Bro I have never seen my phone crash so much 😒, it’s pissing me off , fuck IOS 11 @115858",images\sample_0304_thread_305.jpg,Software,0,Disapproval,1,True
427,428,Tweet 1. @123671 We'd like to look into this with you. Can you tell us which device and OS version you're using? Tweet 2. @AppleSupport 7 Plus and most recent Tweet 3. @123671 Thank you. Please send us a DM and tell us the specific version number you see under Settings > General > About > Version. https://t.co/GDrqU22YpT Tweet 4. Is my iPhone the only one doing this ? @115858 @AppleSupport https://t.co/vbjmrw7IaE,images\sample_0427_thread_428.jpg,Software,0,Disapproval,1,True
692,693,"Tweet 1. @134135 This is not normal. We'd be happy to look into this with you. Can you provide us which device and iOS version you're using? This can be located in Settings > General > About > Version. Tweet 2. @AppleSupport 6s + and version 11.1.2 but this ain’t the first time it’s happened. Tweet 3. @134135 When you look in contacts, do you see any possible duplicates of a deleted number? Tweet 4. @AppleSupport Nope Tweet 5. @134135 These will pop up in search as you start typing because the Spotlight database doesn't update immediately when you delete something. You can clear suggestions by tapping the ""i"" and then remove them from suggestions, or turn search suggestions off. Tweet 6. Hey @115858 why do iPhones autopopulate old phone number for contacts after you have deleted the old number? Seems stupid.",images\sample_0692_thread_693.jpg,Quality,2,Blame,3,True
654,655,Tweet 1. @131990 Hi there. We recently released an update that includes a fix for autocorrect issues. Follow the steps here to back up and update your device: https://t.co/80YRnjDFDk Let us know if you have questions. Tweet 2. So why tf hasn’t @AppleSupport fixed this “I️”,images\sample_0654_thread_655.jpg,Software,0,Blame,3,True
22,23,Tweet 1. @116105 We want to help. Send us a DM letting us know if you are updated to iOS 11.1 https://t.co/GDrqU22YpT Tweet 2. @115858 if my words even mean a thing to you; I am an iPhone 7 owner and have updated to your latest software and now am having the most dropped calls in history and glitch’s such as apps randomly opening and more ... #iHelp,images\sample_0022_thread_23.jpg,Software,0,Disapproval,1,True
211,212,"Tweet 1. @119359 Let's look at this together. Please DM us. https://t.co/GDrqU22YpT Tweet 2. Yo @AppleSupport why is this happening to everyone I️ know?? Pls fix this issue. Anyone else? 🙄🙄🙄 https://t.co/XSuGhCN8c8 Tweet 3. @119360 Thank you for reaching out. We are here to help. Please DM us, and we will continue from there. https://t.co/GDrqU22YpT Tweet 4. @115858 I’m going to need you guys to fix my iMessage and FaceTime..it’s not activating...spent an hour on the phone with support",images\sample_0211_thread_212.jpg,Software,0,Disapproval,1,True
829,830,"Tweet 1. @152743 We offer support via Twitter in English. Get help in Spanish here: https://t.co/IBIY3vMgPj or join https://t.co/OczyRx7IOs Tweet 2. @AppleSupport ¿Con todo respeto, como hago para que el Itunes en un MacBook Air, no me pida la contraseña cada nanosegundo?",images\sample_0829_thread_830.jpg,Software,0,Blame,3,True
456,457,Tweet 1. @128694 Thanks for reaching out. DM which iPhone and specific iOS version you are using to get started. https://t.co/GDrqU22YpT Tweet 2. So is everybody shit looking like this or just mine ? @115858 @AppleSupport https://t.co/tyaGgR5vY1,images\sample_0456_thread_457.jpg,Software,0,Blame,3,True
372,373,"Tweet 1. @123371 Let's work on it together. Which iPhone is it, and which version of iOS does it have? How often is it restarting? Tweet 2. @AppleSupport The newer version and the 7 plus Tweet 3. @123371 Thank you. Are all of your apps up to date? Send us a DM, and we'll go from there. https://t.co/GDrqU22YpT Tweet 4. Wtf @115858 why my iPhone keep restarting itself 🙄😡",images\sample_0372_thread_373.jpg,Software,0,Disapproval,1,True
726,727,Tweet 1. @134511 We're here to help. Which iPhone and iOS version are you using? Are you having a sound quality issue or is there no sound at all? Tweet 2. My phones speaker just broke down on me thanks @115858 do better,images\sample_0726_thread_727.jpg,Hardware,1,Accusation,2,True
698,699,"Tweet 1. @134141 We can understand your concern over this. Please send us a DM at the link below so we can work together further. Tweet 2. @115858 macOS has root without password bug,even if I disable root.",images\sample_0698_thread_699.jpg,Software,0,Disapproval,1,True
811,812,Tweet 1. @152726 We can help you get this sorted out. What trouble are you experiencing with that website using Safari? DM us your response here: https://t.co/GDrqU22YpT Tweet 2. .@136083 site is worthless with the Safari browser on my Macbook Pro. It does not function right with Safari. What should I do? Not liking the idea of using another browser. .@AppleSupport,images\sample_0811_thread_812.jpg,Software,0,Accusation,2,True
651,652,"Tweet 1. @131395 We are here to help. DM us your iOS version and we can take a look at this for you. https://t.co/GDrqU22YpT Tweet 2. @AppleSupport purchased new iPhone 10 , doesn’t vibrate or ring while incoming calls. Tried everything at my end. Help",images\sample_0651_thread_652.jpg,Hardware,1,Blame,3,True
27,28,"Tweet 1. @116336 Hi there! iOS 11.1 was released earlier today containing some bug fixes. Let's back up and update: https://t.co/80YRnjDFDk Tweet 2. @AppleSupport Hopefully that helps... Tweet 3. It’s been a few days since @115858 made me update my phone’s operating system. Now constantly glitching, hmm 🤔 I’m shocked!",images\sample_0027_thread_28.jpg,Software,0,Disapproval,1,True
445,446,"Tweet 1. @123690 We'd be happy to see how we can help. Which device and OS version are you experiencing this on? Tweet 2. @AppleSupport 7 Plus, iOS 11.1 Tweet 3. @123690 DM us your country, and we'll continue working there. https://t.co/GDrqU22YpT Tweet 4. @AppleSupport These question mark boxes are about to make me mad lol please help",images\sample_0445_thread_446.jpg,Software,0,Disapproval,1,True
91,92,Tweet 1. @117502 We'd love to help. DM us which iOS device you are experiencing this issue on to get started. https://t.co/GDrqU22YpT Tweet 2. @AppleSupport lil help? https://t.co/3cl8aEdWdr,images\sample_0091_thread_92.jpg,Service,3,No Explicit Reproach,0,True
608,609,Tweet 1. @130263 Thanks for those details. We'd like to have you meet us in DM and we'll continue from there. https://t.co/GDrqU22YpT Tweet 2. @AppleSupport Okay Tweet 3. @AppleSupport iPhone 6s and I️ have the 11.1 iOS update Tweet 4. @130263 We're here for you and want to help. DM us with what type of iPhone you're using and your current iOS version. https://t.co/GDrqU22YpT Tweet 5. Why is my phone doing this!!! I️ need answers!!!! @AppleSupport,images\sample_0608_thread_609.jpg,Software,0,Accusation,2,True
396,397,"Tweet 1. @123499 Thanks for reaching out. DM the specific issue you are seeing with Messages to get started. https://t.co/GDrqU22YpT Tweet 2. Oh great, iMessage not working after the latest iOS update. 😐 @AppleSupport",images\sample_0396_thread_397.jpg,Software,0,Blame,3,True
193,194,"Tweet 1. @119021 Let's work together to figure out what's happening with the keyboard on your iOS device. Send us a DM with what type of device you're using, along with your specific iOS version. We'll continue working with you there. https://t.co/GDrqU22YpT Tweet 2. why iOS Keyboard looks weird in Landscape mode i was typing like nfjfhfbd wanzkdejfc c #fallontonight @AppleSupport Help me!!",images\sample_0193_thread_194.jpg,Quality,2,No Explicit Reproach,0,True
617,618,"Tweet 1. @130484 We'd be happy to look into this with you. Send us a DM, and we'll continue there. https://t.co/GDrqU22YpT Tweet 2. @AppleSupport got these brand new headphones, and they didn’t even work right out of the box. where’s the quality control? Smh https://t.co/HWtN2vkaTV",images\sample_0617_thread_618.jpg,Hardware,1,Accusation,2,True
695,696,"Tweet 1. @134138 That is not the experience we want you to have. To get started, can you tell us which iOS version currently running on your device, and what happens when you try to update? Tweet 2. @AppleSupport I ain't playing no games with y'all my phone has been glitching terribly and has been deleting things, it deleted all my photos,it won't let me do anything to recover them,and my phone won't update🙄😤",images\sample_0695_thread_696.jpg,Software,0,Accusation,2,True
141,142,"Tweet 1. @118244 Is this coming up with any other apps when doing the same thing? Which iOS version is in Settings > General > About? Tweet 2. @AppleSupport It only happens when I close WhatsApp, doesn’t happen with any other app. I run iOS11.0.3 https://t.co/TraFhnSo3i Tweet 3. @118244 How are you closing the App? https://t.co/GDrqU22YpT Tweet 4. @AppleSupport Like this. Open the Multitasking screen, swiping up on the WhatsApp app to close it; as seen in the video. https://t.co/yeOErcAbIz Tweet 5. @118244 Meet us in DM with a screenshot of what shows in Settings > Notifications > WhatsApp, please. https://t.co/GDrqU22YpT Tweet 6. @AppleSupport @118244 So what has become of this issue? Many users are still complaining about this? What is the explanation? What is the implication? What is the solution, if needed? Tweet 7. @AppleSupport I get this message when I close the app. When I touch it I get into the app, but getting this when closing the app is annoying. Tweet 8. @118244 Let's see how we can help. Is that the message you see when trying to swipe the notification and get to the app?",images\sample_0141_thread_142.jpg,Service,3,Disapproval,1,True
81,82,Tweet 1. @117457 We'd be concerned with an unresponsive device too. Let us know your iOS version in DM and we'll help: https://t.co/GDrqU22YpT Tweet 2. @116333 @115858 can your team let me know why my new iPhone 6 always has hanging problem I do not know what the problem is by I know I feel I am cheated by apple for phone 📱 do I ?,images\sample_0081_thread_82.jpg,Quality,2,Blame,3,True
464,465,Tweet 1. @128895 9.3.5 is the highest the iPod 5 can update to. Tweet 2. @AppleSupport Will there be a new update for ipod 5... This software is so old.. https://t.co/M1dGWO6L34,images\sample_0464_thread_465.jpg,Software,0,Disapproval,1,True
610,611,Tweet 1. @130265 We can look into this further with you. Send us a DM if you'd like to get started: https://t.co/GDrqU22YpT Tweet 2. Downloaded the @115858 iPhone update. Thought maybe it would correct my phone crashing problem. Nope. @AppleSupport iPhone still crashing,images\sample_0610_thread_611.jpg,Software,0,Blame,3,True
136,137,"Tweet 1. @118105 Did you receive an error message, or were you just prompted to enter in the passcode for your iOS device after the restart? Tweet 2. @AppleSupport I received an error message. And another when I tried to set it up again in settings Tweet 3. @118105 Let's give the steps in this article a try, and keep us posted on the results please: https://t.co/xqiXha6yeB Tweet 4. @AppleSupport Tried the steps. Still receiving an error message. Just updated to iOS 11.1 and got the message when my phone restarted Tweet 5. @118105 Alright, let's continue working on this via DM. Tell us what country you're currently in. https://t.co/GDrqU22YpT Tweet 6. @AppleSupport My Touch ID failed when I restarted my phone. Now it’s not working at all",images\sample_0136_thread_137.jpg,Software,0,No Explicit Reproach,0,True
910,911,"Tweet 1. @154037 Let’s get your iPhone updated. We support Twitter via English. Can you tell us what the error message is saying? Also, let’s try to update when Low Power Mode is off in Settings > Battery. Tweet 2. @AppleSupport Thanks. The mistake was the low battery mode. I got iOS 11 now ❤️ Tweet 3. @154037 You're welcome. We're glad we could help get your iPhone updated. Have a good day! Tweet 4. @AppleSupport Hi! Please help me 🙏🏻 I can't update mi iOS 😔 https://t.co/fusxyNmXPi",images\sample_0910_thread_911.jpg,Software,0,Disapproval,1,True
906,907,Tweet 1. @154033 We'd be happy to look into issues you're having with your iPhone. DM us the iOS version installed and details of what's going on and we'll do our best to help. https://t.co/GDrqU22YpT Tweet 2. Might have to cop an iPhone 7 today 😔 my iPhone 6 trippin since yesterday 🤔 @115858 capitalism sucks ass 😤,images\sample_0906_thread_907.jpg,Software,0,Accusation,2,True
657,658,"Tweet 1. @132201 We can help with iPhone performance. Do you know what version of the iOS is on the device? Also, are you seeing this issue with any specific apps or usage? Do you do anything to restore function? Tweet 2. @AppleSupport im using ios 11, it’s super laggy whenever i receive a notification or sometimes when im typing a message, after i hit send itll cut off the last few letters i typed Tweet 3. @132201 Thanks for that info. We'd like to take a further look into this. Let's meet in DM. https://t.co/GDrqU22YpT Tweet 4. my phone is suuuper slow lately, wtf @115858 :-(",images\sample_0657_thread_658.jpg,Software,0,Blame,3,True
646,647,"Tweet 1. @131029 Great question! A DM is a Direct Message. You should see the link to send us a Direct Message below: https://t.co/GDrqU22YpT Tweet 2. @AppleSupport what do you mean by DM ? Tweet 3. @131029 Thanks for reaching out. DM the country or region where you are currently located to get started. https://t.co/GDrqU22YpT Tweet 4. @AppleSupport when vpn status is connected, it is supposed to see a vpn-is-on notification on the upper left corner, while it is not case with my iphone6, ios11.1.2",images\sample_0646_thread_647.jpg,Software,0,Disapproval,1,True
909,910,"Tweet 1. @150597 You're very welcome. Tweet 2. @148889 @AppleSupport thanks so much! Tweet 3. @150597 @AppleSupport https://t.co/3ZFzJstNKi Tweet 4. @154036 Thanks for reaching out to us for support. When you have a free moment, can you please tell us when you first noticed this issue on your device? Tweet 5. @AppleSupport I noticed it 2 weeks ago but i thought the issue goes away with an Update, but no it doesn’t. Tweet 6. @154036 With iMessage is this the only app you have issues with still? Tweet 7. @AppleSupport Yes Tweet 8. Hey @AppleSupport my Messages App crushes every time when I want to open it. I tried everything. I’ve reboot my iPhone 5S and i have the latest iOS. What should i do?",images\sample_0909_thread_910.jpg,Software,0,Blame,3,True
71,72,Tweet 1. @117151 We'd love to take a look into this concern. Is the screen stuck this way have you restarted it? Send us a DM. https://t.co/GDrqU22YpT Tweet 2. Hello @115858 @AppleSupport what’s happening to my screen https://t.co/GTNXT4VoKd,images\sample_0071_thread_72.jpg,Hardware,1,No Explicit Reproach,0,True
766,767,"Tweet 1. @135025 We offer support via Twitter in English. Contact us for help in your preferred language here: https://t.co/IBIY3vMgPj Tweet 2. @AppleSupport Pour les anciens wifi enregistrés il me signale que les mots de passe ne sont pas corrects. Tweet 3. @AppleSupport bonjour, suite à la MAJ IOS 11, mon iphone ne se connecte plus au wifi.",images\sample_0766_thread_767.jpg,Software,0,Blame,3,True
565,566,Tweet 1. @129976 Let's look into this for you. Send us a DM with your current iOS version to get started. https://t.co/GDrqU22YpT Tweet 2. @115858 I haven’t been able to play music through my aux since the new update 🙃,images\sample_0565_thread_566.jpg,Software,0,Blame,3,True
385,386,"Tweet 1. @123388 We'd love to help you with this. Which iOS version did you recently install? Was it iOS 11.1? Tweet 2. @AppleSupport @123388 I hate it !! The entire format changed! When I receive a call I have to say hello 2x no one hears me the first time battery dies quick 😡 Tweet 3. @123389 We want to help! Please join us in DM to get started troubleshooting. https://t.co/GDrqU22YpT Tweet 4. @123379 @115858 Yes, after the update I have to charge it several times a day. Irritating! Tweet 5. @123390 We'd like to help. What device are you using, and which OS version does it have installed?",images\sample_0385_thread_386.jpg,Software,0,Disapproval,1,True
757,758,Tweet 1. @134544 Thanks for reaching out. We want to help. Reach out to us in a DM and we will work from there. https://t.co/GDrqU22YpT Tweet 2. @AppleSupport - Few Messages (sent & received messages) doesn’t wrap in Message App on all iOS 11 versions and flows in one line. Pls look into this. @115858,images\sample_0757_thread_758.jpg,Software,0,Disapproval,1,True
490,491,Tweet 1. @129042 We can help out. Could you Direct Message us and let us know what iOS version you're on? https://t.co/GDrqU22YpT Tweet 2. @115858 fix this nightmare https://t.co/KmHjOQ7h9d,images\sample_0490_thread_491.jpg,Software,0,Blame,3,True
631,632,Tweet 1. @130500 We can assist you. Do you receive a specific error message when you attempt to download music for offline listening? Tweet 2. @AppleSupport @115948 I have iCloud library on but can download music to play offline. Help pls,images\sample_0631_thread_632.jpg,Software,0,Disapproval,1,True
229,230,"Tweet 1. @120210 We know how much we rely on our iPad from surfing the internet to sending emails to watching movies. We'll be happy to look into your situation. Can you DM us if the device turns on at all? Does it boot to an Apple logo? https://t.co/GDrqU22YpT Tweet 2. @115858 @AppleSupport Ur customer support wants me to speak to another repair center to see if they’ll quote a lesser price! I mean, REALLY!! Gotta be kidding me. I used to swear by Apple Customer Service. Is this the best that you guys can do now? Tweet 3. @115858 @AppleSupport My 1.5 year old IPad Air 2 won’t start after the last software update. I took it to the repair center today & was told it can’t be repaired and my only option is replacement which wud cost me INR 26.5k. Really? 1.5 year old device! Apple is better than that",images\sample_0229_thread_230.jpg,Service,3,Disapproval,1,True
775,776,Tweet 1. @135035 We'd like to help if you're experiencing problems with your accessories. DM us which country you're located in. We'll go from there. https://t.co/GDrqU22YpT Tweet 2. This as replacement for the standard headphone jack has become a joke now. 5 (soon to be 6) pairs of headphones & 2 adapters in under a year have failed now. Before the switch I could get a good year out of them. @115858 might have to rethink their design or change manufacturer. https://t.co/oQSNOtpqjo,images\sample_0775_thread_776.jpg,Hardware,1,Accusation,2,True
855,856,Tweet 1. @153212 Great question. iTunes Gift Cards are specific to your country so a US gift card would need to be redeemed in the US iTunes Store. Check out this article for more information: https://t.co/aeIUyI7e1H Tweet 2. @AppleSupport hi i recently bought an itunes giftcard in pakistan for my ipad pro and it was a US one. How do i redeem it? Please help.,images\sample_0855_thread_856.jpg,Price,4,Disapproval,1,True
386,387,"Tweet 1. So, the letter ‘I’ is broken until further notice? @115858",images\sample_0386_thread_387.jpg,Software,0,Disapproval,1,True
901,902,"Tweet 1. @154029 We want to make sure you're able to get the macOS installed onto your computer. Please send us a DM, so we can gather some device details, isolate the issue, and find you a resolution. https://t.co/GDrqU22YpT Tweet 2. Tried installing macOS High Sierra 4 times, always gets stuck before reboot step, x minutes remaining, any ideas @AppleSupport ?",images\sample_0901_thread_902.jpg,Software,0,Disapproval,1,True
425,426,Tweet 1. @123669 You'll find more info on compatibilty with your AIrPods at the following link: https://t.co/Kd8IAdG7nA Tweet 2. @AppleSupport Hola/Hello! I can use the AirPods witch Bluetooth audio transmisor? Any model? This no... https://t.co/ULMExUlaoX,images\sample_0425_thread_426.jpg,Hardware,1,No Explicit Reproach,0,True
122,123,"Tweet 1. @117962 Since our Twitter support is available in English, get help at https://t.co/IBIY3vMgPj or join https://t.co/pvaOFfPbjt Tweet 2. Depois da ultima atualizado do IOS a bateria do IPhone 6 tá durando quase nada @115858 @AppleSupport Tweet 3. @117963 We are here for you. Let's take a look at this further for you. Reach out to us in DM. https://t.co/GDrqU22YpT Tweet 4. @115858 why is it impossible to Type “I” without a stupid box with a question mark. #notimpressed #fixit",images\sample_0122_thread_123.jpg,Software,0,Disapproval,1,True
839,840,"Tweet 1. @153197 We understand how important reminders can be and want to help. Which device are you using? Does this happen with all Reminders? Tweet 2. @AppleSupport iPhone SE as far as I can tell I haven’t used it for 6 months as last time I did it did it. I thought I’d try again today. Still doing it. It keeps the reminder but loses the reminder alarm date and time. I’ve seen it disappear before my eyes. Tweet 3. @153197 We're here to help whenever possible. To start, can you tell us which iOS version currently running on your iPhone? You can check by navigating to Settings > General > About. This will provide us with helpful information for troubleshooting your issue. Tweet 4. @AppleSupport 11.1.2 Tweet 5. @153197 Were these new reminders that are dissapearing or repurposed ones that were other reminders that have been renamed? Tweet 6. @AppleSupport New ones. Tweet 7. @153197 Are you using the Reminders app to create these reminder alerts or Siri? Tell us in a DM. https://t.co/GDrqU22YpT Tweet 8. When are @115858 going to update reminders, so it doesn’t keep losing reminder alarms you’ve set? It’s been doing it for ages now, makes it useless. https://t.co/NvPlZTcEDP",images\sample_0839_thread_840.jpg,Software,0,Accusation,2,True
577,578,"Tweet 1. @130036 We'd like some details to help. Which iPhone model and iOS does this occur on? Also, does the issue with your notifications occur on Wi-Fi, cellular or both? Let us know and we'll continue. Tweet 2. @AppleSupport iOS 11.1.2 on X. Notification issue happens on both Wi-Fi and cellular. Tweet 3. @130036 Perfect, thanks. As you're up to date we'd like some additional details to assist. DM us using the link below and we'll continue. https://t.co/GDrqU22YpT Tweet 4. @AppleSupport Okay thanks Tweet 5. My phone is showing me empty lock screen all the time and when I force reboot I’m getting last weeks message notifications and couple hours later same bs all over again! @AppleSupport tell me what to do I don’t wanna wait for next update this bug is so irritating 😠",images\sample_0577_thread_578.jpg,Software,0,Blame,3,True
821,822,"Tweet 1. @152736 Thanks for reaching out to us here. We want to help. Send us a DM letting us know which country you are located in to get started. https://t.co/GDrqU22YpT Tweet 2. @AppleSupport Having severe battery drain on ios 11.1.2 since update with iPhone 6s Plus. Also i see this keeps popping up for other users, any fix yet.",images\sample_0821_thread_822.jpg,Hardware,1,Blame,3,True
570,571,Tweet 1. @129981 Thanks for reaching out to us here. Let us know where you are located so we can point you in the right direction. Tweet 2. @AppleSupport Check your messages! Tweet 3. @AppleSupport check your DMs!,images\sample_0570_thread_571.jpg,Software,0,Blame,3,True
256,257,"Tweet 1. @121039 Thanks for reaching out. You can still leave a group text if you're using iMessage. If any users are not using iMessage, you can then mute the notifications. This article explains in more detail: https://t.co/zdkcAVkpSV We're here if you have any questions. Tweet 2. @AppleSupport Is this only for the iPhone X because I have a friend where she was able to leave a Work group conversation using her iPhone and not everyone on the group chat has an Iphone. Tweet 3. @121039 If you're using iOS 11, a group message including users not on iOS devices can be muted, but you won't have the option to leave the group. You're welcome to leave feedback about this feature here: https://t.co/eTPVYVFyd8 Tweet 4. @AppleSupport Thank you Tweet 5. @121039 You're most welcome. Enjoy your day! Tweet 6. come on @115858 you guys removed the option to leave a group conversation! ugh!! 🤦🏽",images\sample_0256_thread_257.jpg,Software,0,Disapproval,1,True
710,711,Tweet 1. @134153 We'd like to look into this with you. Let's hop in DM. Click here: https://t.co/GDrqU22YpT Tweet 2. Thanks @115817 for loosing my iPhone X and for @115858 for not sending me a new one,images\sample_0710_thread_711.jpg,Service,3,Accusation,2,True
340,341,"Tweet 1. @123070 Let's look into this together. Which device are you experiencing this on, and which software version is it running? Tweet 2. @122928 @AppleSupport I’ve had the same problem all day.",images\sample_0340_thread_341.jpg,Software,0,Disapproval,1,True
451,452,"Tweet 1. @123696 Thanks for reaching out. DM which iPhone and specific iOS version you are using to get started. https://t.co/GDrqU22YpT Tweet 2. @AppleSupport why does the podcast app freeze up and not work, constantly?",images\sample_0451_thread_452.jpg,Software,0,Blame,3,True
